分數,價格,英文,日文,網站
4.58,6000,Torishiki,鳥しき,https://tabelog.com/tw/tokyo/A1316/A131601/13041029/
4.47,10000,Tsugumian,活鰻の店 つぐみ庵,https://tabelog.com/tw/tokyo/A1323/A132301/13080463/
4.44,10000,Kinryusan,炭焼 金竜山,https://tabelog.com/tw/tokyo/A1316/A131602/13001625/
4.41,10000,LATURE,ラチュレ,https://tabelog.com/tw/tokyo/A1303/A130301/13198692/
4.38,10000,SATO Buriand,SATOブリアン にごう,https://tabelog.com/tw/tokyo/A1319/A131905/13159782/
4.32,10000,Uomasa,うなぎ 魚政,https://tabelog.com/tw/tokyo/A1324/A132403/13035339/
4.27,10000,Hayashi,串揚げはやし,https://tabelog.com/tw/tokyo/A1309/A130905/13129802/
4.22,10000,Yung,私厨房 勇,https://tabelog.com/tw/tokyo/A1316/A131602/13168401/
4.22,10000,Gourmandise,グルマンディーズ,https://tabelog.com/tw/tokyo/A1307/A130701/13190448/
4.21,10000,EBISU YORONIKU,蕃 YORONIKU,https://tabelog.com/tw/tokyo/A1303/A130302/13211927/
4.20,8000,Torisawa,鳥さわ22,https://tabelog.com/tw/tokyo/A1307/A130703/13222625/
4.18,10000,yakinikujambo,焼肉 ジャンボ はなれ,https://tabelog.com/tw/tokyo/A1310/A131004/13160962/
4.18,10000,BOTTEGA,ボッテガ,https://tabelog.com/tw/tokyo/A1307/A130703/13204358/
4.17,10000,L'Octave Hayato KOBAYASHI,L'Octave Hayato KOBAYASHI,https://tabelog.com/tw/tokyo/A1309/A130901/13186978/
4.16,0,chuukasobashibata,中華そば しば田,https://tabelog.com/tw/tokyo/A1326/A132601/13162681/
4.15,6000,Sutaminaen,スタミナ苑,https://tabelog.com/tw/tokyo/A1323/A132305/13003777/
4.15,10000,Satoburidhie,サトブリDA,https://tabelog.com/tw/tokyo/A1319/A131905/13216529/
4.15,10000,ARMONICO,ARMONICO,https://tabelog.com/tw/tokyo/A1303/A130303/13156479/
4.14,10000,sumibiyakiyuuji,炭火焼 ゆうじ,https://tabelog.com/tw/tokyo/A1303/A130301/13001794/
4.14,10000,La Clairiere,ラ クレリエール,https://tabelog.com/tw/tokyo/A1316/A131602/13194179/
4.12,10000,LA BONNE TABLE,ラ・ボンヌターブル,https://tabelog.com/tw/tokyo/A1302/A130202/13166325/
4.12,8000,La Brianza,la Brianza,https://tabelog.com/tw/tokyo/A1307/A130701/13194346/
4.12,8000,minamiaoyamananachoume,南青山 七鳥目,https://tabelog.com/tw/tokyo/A1307/A130703/13200559/
4.10,10000,Il Pregio,イル プレージョ,https://tabelog.com/tw/tokyo/A1318/A131811/13147391/
4.10,10000,tsunokamizakakoshiba,津の守坂 小柴,https://tabelog.com/tw/tokyo/A1309/A130903/13200286/
4.08,8000,Torishige,鳥茂,https://tabelog.com/tw/tokyo/A1304/A130401/13001067/
4.08,0,L'atelier de Plaisir,ラトリエ ドゥ プレジール,https://tabelog.com/tw/tokyo/A1318/A131814/13050412/
4.08,6000,Omino,焼鳥　おみ乃,https://tabelog.com/tw/tokyo/A1312/A131203/13206654/
4.07,2000,Tomato,トマト,https://tabelog.com/tw/tokyo/A1319/A131906/13001113/
4.07,4000,tsukishimazaichi,月島 在市,https://tabelog.com/tw/tokyo/A1313/A131302/13095398/
4.04,8000,Tokyo Chinese Ichirin,東京チャイニーズ 一凛,https://tabelog.com/tw/tokyo/A1313/A131301/13153417/
4.04,10000,Air,エール,https://tabelog.com/tw/tokyo/A1301/A130101/13186624/
4.04,10000,nihombashisonoji,日本橋 蕎ノ字,https://tabelog.com/tw/tokyo/A1302/A130204/13201969/
4.04,10000,RISTORANTE PEGASO,リストランテ ペガソ,https://tabelog.com/tw/tokyo/A1307/A130703/13152248/
4.03,10000,Restaurant ALADDIN,レストラン アラジン,https://tabelog.com/tw/tokyo/A1307/A130703/13004454/
4.03,10000,CHEF'S,シェフス,https://tabelog.com/tw/tokyo/A1304/A130402/13000884/
4.03,10000,L'appartamento di NAOKI,ラパルタメント ディ ナオキ,https://tabelog.com/tw/tokyo/A1307/A130702/13120467/
4.03,10000,Mimosa,ミモザ,https://tabelog.com/tw/tokyo/A1306/A130602/13197047/
4.02,8000,Ata,Ata,https://tabelog.com/tw/tokyo/A1303/A130303/13150975/
4.02,10000,HITSUJI SUNRISE,羊SUNRISE,https://tabelog.com/tw/tokyo/A1307/A130702/13202705/
4.01,10000,ICARO miyamoto,ICARO miyamoto,https://tabelog.com/tw/tokyo/A1317/A131701/13050216/
4.00,0,Homemade Ramen Muginae,Homemade Ramen 麦苗,https://tabelog.com/tw/tokyo/A1315/A131502/13194812/
4.00,6000,PÂTISSERIE RYOCO,パティスリー リョーコ,https://tabelog.com/tw/tokyo/A1316/A131603/13137010/
4.00,10000,GINZA COBAU,焼肉 銀座コバウ,https://tabelog.com/tw/tokyo/A1301/A130101/13005008/
4.00,10000,OSTERIA OLIERA,オステリア・オリエーラ,https://tabelog.com/tw/tokyo/A1304/A130401/13099830/
4.00,3000,Sanlucar BAR,サンルーカルバー,https://tabelog.com/tw/tokyo/A1309/A130905/13112228/
4.00,10000,enekotoukyou,ENEKO Tokyo,https://tabelog.com/tw/tokyo/A1307/A130701/13212953/
3.99,10000,Casa VINITALIA,カーザ ヴィニタリア,https://tabelog.com/tw/tokyo/A1307/A130702/13010456/
3.99,10000,Chemins,シュマン,https://tabelog.com/tw/tokyo/A1308/A130801/13001336/
3.99,10000,Romantico,ロマンティコ,https://tabelog.com/tw/tokyo/A1316/A131602/13021521/
3.99,10000,Sushidokoroyamada,鮨處やまだ,https://tabelog.com/tw/tokyo/A1301/A130101/13144693/
3.98,1000,Mensonreiji,麺尊 RAGE,https://tabelog.com/tw/tokyo/A1319/A131907/13178309/
3.98,10000,Ushigoro Ginza,焼肉 うしごろ 銀座店,https://tabelog.com/tw/tokyo/A1301/A130101/13167325/
3.98,1000,Pathisuriasakoiwayanagi,PATISSERIE ASAKO IWAYANAGI,https://tabelog.com/tw/tokyo/A1317/A131715/13189509/
3.98,10000,Nakasei Uchimise,中勢以 内店,https://tabelog.com/tw/tokyo/A1323/A132302/13152057/
3.98,10000,CRAFTALE,クラフタル,https://tabelog.com/tw/tokyo/A1317/A131701/13186719/
3.98,4000,Toritanaka,鳥田中,https://tabelog.com/tw/tokyo/A1312/A131203/13208669/
3.98,10000,La facon koga,ラ・ファソン 古賀,https://tabelog.com/tw/tokyo/A1318/A131811/13155778/
3.97,2000,HIDEMI SUGINO,イデミスギノ,https://tabelog.com/tw/tokyo/A1302/A130202/13002285/
3.97,1000,patisserie Paris S'eveille,パティスリー・パリセヴェイユ,https://tabelog.com/tw/tokyo/A1317/A131703/13005198/
3.97,10000,Maison de YULONG,メゾン・ド・ユーロン,https://tabelog.com/tw/tokyo/A1308/A130801/13002871/
3.97,6000,Torisawa,鳥さわ,https://tabelog.com/tw/tokyo/A1312/A131202/13135959/
3.97,10000,Cantonese en KEN TAKASE,カントニーズ 燕 ケン タカセ,https://tabelog.com/tw/tokyo/A1302/A130201/13147494/
3.97,10000,Tadenoha,たでの葉,https://tabelog.com/tw/tokyo/A1306/A130603/13208304/
3.96,1000,Ramensugimoto,らぁ麺 すぎ本,https://tabelog.com/tw/tokyo/A1321/A132104/13163409/
3.96,0,Menyasakurai,麺屋 さくら井,https://tabelog.com/tw/tokyo/A1320/A132002/13202438/
3.96,6000,Kotaro,高太郎,https://tabelog.com/tw/tokyo/A1303/A130301/13123997/
3.96,0,Avranches Guesnay,アヴランシュ・ゲネー,https://tabelog.com/tw/tokyo/A1310/A131004/13186450/
3.96,6000,mouri,毛利,https://tabelog.com/tw/tokyo/A1301/A130101/13002661/
3.96,10000,Uzumaki,中華 うずまき,https://tabelog.com/tw/tokyo/A1308/A130801/13053284/
3.95,1000,Egurudosu,エーグルドゥース,https://tabelog.com/tw/tokyo/A1305/A130502/13005641/
3.95,0,Supaishikareroka,SPICY CURRY 魯珈,https://tabelog.com/tw/tokyo/A1304/A130404/13203027/
3.95,10000,Ishibashi,石ばし,https://tabelog.com/tw/tokyo/A1309/A130905/13003531/
3.95,6000,Restaurant MANOIR,レストラン マノワ,https://tabelog.com/tw/tokyo/A1303/A130302/13133477/
3.95,0,Menanchitose,麺庵ちとせ,https://tabelog.com/tw/tokyo/A1305/A130504/13182327/
3.95,10000,Yokota,天冨良 よこ田,https://tabelog.com/tw/tokyo/A1307/A130702/13001340/
3.95,6000,Ginzatenda,銀座 テンダー,https://tabelog.com/tw/tokyo/A1301/A130101/13002618/
3.95,6000,TexturA,TexturA,https://tabelog.com/tw/tokyo/A1301/A130102/13232958/
3.95,8000,Libre,Libre 白金高輪店,https://tabelog.com/tw/tokyo/A1316/A131602/13222761/
3.94,0,à tes souhaits!,アテスウェイ,https://tabelog.com/tw/tokyo/A1320/A132001/13005853/
3.94,10000,Yoroniku,よろにく,https://tabelog.com/tw/tokyo/A1306/A130602/13042979/
3.94,1000,tsukememmichi,つけ麺 道,https://tabelog.com/tw/tokyo/A1324/A132403/13094595/
3.94,5000,Tamawarai,玉笑,https://tabelog.com/tw/tokyo/A1306/A130601/13129390/
3.94,3000,Jiyu San,手打蕎麦 じゆうさん,https://tabelog.com/tw/tokyo/A1321/A132101/13025978/
3.94,2000,Shokorathieparedooru,ショコラティエ パレ ド オール 東京,https://tabelog.com/tw/tokyo/A1302/A130201/13038473/
3.94,0,kare-raisudhiran,カレーライス ディラン,https://tabelog.com/tw/tokyo/A1310/A131002/13158580/
3.94,0,Hokkorichuukasobamotsuke,ほっこり中華そば もつけ,https://tabelog.com/tw/tokyo/A1329/A132904/13192847/
3.94,8000,Toricho,鳥長,https://tabelog.com/tw/tokyo/A1321/A132102/13058892/
3.94,4000,Torimitsu,鳥みつ,https://tabelog.com/tw/tokyo/A1304/A130401/13136411/
3.94,5000,RODEO,RODEO,https://tabelog.com/tw/tokyo/A1317/A131701/13213575/
3.94,10000,Restaurant L'aube,レストラン ローブ,https://tabelog.com/tw/tokyo/A1307/A130702/13198413/
3.94,8000,Edomaeshinsaku,江戸前晋作,https://tabelog.com/tw/tokyo/A1310/A131004/13201105/
3.93,1000,Motenashikuroki,饗 くろ喜,https://tabelog.com/tw/tokyo/A1310/A131001/13127743/
3.93,10000,MASA'S KITCHEN47,MASA’S KITCHEN 恵比寿,https://tabelog.com/tw/tokyo/A1303/A130302/13054526/
3.93,1000,Gimpachitei Yazawa,吟八亭 やざ和,https://tabelog.com/tw/tokyo/A1324/A132403/13003083/
3.93,0,Ramenkai,らーめん改,https://tabelog.com/tw/tokyo/A1311/A131103/13191776/
3.93,1000,Obonvutan,オーボンヴュータン 尾山台店,https://tabelog.com/tw/tokyo/A1317/A131715/13181654/
3.93,10000,Restaurant L'asse,レストラン ラッセ,https://tabelog.com/tw/tokyo/A1316/A131601/13125439/
3.93,1000,Patisserie TRES CALME,パティスリートレカルム,https://tabelog.com/tw/tokyo/A1323/A132301/13175122/
3.93,10000,Ubuka,うぶか,https://tabelog.com/tw/tokyo/A1309/A130903/13139225/
3.93,8000,Principio,プリンチピオ,https://tabelog.com/tw/tokyo/A1307/A130702/13144481/
3.93,10000,Kondo,和食 こんどう,https://tabelog.com/tw/tokyo/A1309/A130903/13150477/
3.93,10000,bistrosimba,ビストロ・シンバ,https://tabelog.com/tw/tokyo/A1313/A131301/13186713/
3.92,1000,Itto,麺屋一燈,https://tabelog.com/tw/tokyo/A1312/A131204/13111737/
3.92,6000,yakinikuuguisudanien,焼肉 鶯谷園,https://tabelog.com/tw/tokyo/A1311/A131104/13012243/
3.92,6000,Obana,尾花,https://tabelog.com/tw/tokyo/A1324/A132401/13003509/
3.92,1000,ra-menyatoibokkusu,ラーメン屋 トイ・ボックス,https://tabelog.com/tw/tokyo/A1324/A132401/13162973/
3.92,1000,Libertable,リベルターブル 赤坂店,https://tabelog.com/tw/tokyo/A1308/A130801/13160987/
3.92,1000,Ramennijuubunnoichi,RAMEN　にじゅうぶんのいち,https://tabelog.com/tw/tokyo/A1324/A132401/13147594/
3.92,10000,Don Bravo,ドンブラボー,https://tabelog.com/tw/tokyo/A1326/A132601/13144681/
3.91,1000,CENTRE THE BAKERY,セントル ザ・ベーカリー,https://tabelog.com/tw/tokyo/A1301/A130101/13157424/
3.91,2000,Tonta,とん太,https://tabelog.com/tw/tokyo/A1305/A130503/13003984/
3.91,10000,Ristrante La ciau,リストランテ ラ チャウ,https://tabelog.com/tw/tokyo/A1314/A131402/13044737/
3.91,0,Ibuki,中華ソバ 伊吹,https://tabelog.com/tw/tokyo/A1322/A132205/13163874/
3.91,6000,yakinikuseiryuuen,焼肉 静龍苑,https://tabelog.com/tw/tokyo/A1312/A131201/13044037/
3.91,0,Kashiwagi,かしわぎ,https://tabelog.com/tw/tokyo/A1319/A131901/13209326/
3.91,10000,SALLE A MANGER de Hisashi WAKISAKA,サラマンジェ ド イザシ ワキサカ,https://tabelog.com/tw/tokyo/A1301/A130101/13151302/
3.91,0,LES CACAOS,レ・カカオ,https://tabelog.com/tw/tokyo/A1316/A131603/13203619/
3.91,10000,Beet eat,ビートイート,https://tabelog.com/tw/tokyo/A1318/A131814/13196455/
3.91,8000,Kaisekiryourihashimoto,懐石料理 はし本,https://tabelog.com/tw/tokyo/A1302/A130202/13154602/
3.90,0,DELHI,デリー 上野店,https://tabelog.com/tw/tokyo/A1311/A131101/13003605/
3.90,1000,NAKIRYU,創作麺工房 鳴龍,https://tabelog.com/tw/tokyo/A1323/A132302/13141302/
3.90,1000,Madairamemmengyo,真鯛らーめん 麺魚 本店,https://tabelog.com/tw/tokyo/A1312/A131201/13208237/
3.90,3000,Katcharu Batcharu,カッチャル バッチャル,https://tabelog.com/tw/tokyo/A1323/A132302/13120294/
3.90,10000,Don Ciccio,トラットリア シチリアーナ・ドンチッチョ,https://tabelog.com/tw/tokyo/A1303/A130301/13026215/
3.90,10000,La BOMBANCE,ラ・ボンバンス,https://tabelog.com/tw/tokyo/A1307/A130701/13016617/
3.90,2000,shiva curry wara,シバカリーワラ,https://tabelog.com/tw/tokyo/A1317/A131706/13151738/
3.90,1000,Yakumo,八雲,https://tabelog.com/tw/tokyo/A1317/A131705/13204333/
3.90,0,Memmitsui,麺 みつヰ,https://tabelog.com/tw/tokyo/A1311/A131102/13203387/
3.90,6000,Unagiya,鰻家,https://tabelog.com/tw/tokyo/A1321/A132101/13012445/
3.90,8000,Ristorantino Lubero,リストランティーノ　ルベロ,https://tabelog.com/tw/tokyo/A1316/A131601/13045711/
3.90,10000,Suzuki,鈴木,https://tabelog.com/tw/tokyo/A1326/A132601/13005981/
3.90,10000,Tonkatsukappoukatsuzen,とんかつかっぽう かつぜん,https://tabelog.com/tw/tokyo/A1301/A130101/13006519/
3.90,1000,Patisserie Yu Sasage,パティスリー ユウ ササゲ,https://tabelog.com/tw/tokyo/A1318/A131809/13155662/
3.90,10000,Ishibashi,いし橋,https://tabelog.com/tw/tokyo/A1311/A131101/13021036/
3.90,8000,Tsuchiya,土家,https://tabelog.com/tw/tokyo/A1328/A132806/13061606/
3.90,10000,Yamasuke,山介,https://tabelog.com/tw/tokyo/A1311/A131102/13156730/
3.90,1000,Arunoraeru,アルノー・ラエール 広尾本店,https://tabelog.com/tw/tokyo/A1307/A130703/13217253/
3.89,0,Tyukasobatagano,中華そば 多賀野,https://tabelog.com/tw/tokyo/A1317/A131712/13003421/
3.89,0,Signifiant Signifie,シニフィアン シニフィエ 世田谷本店,https://tabelog.com/tw/tokyo/A1317/A131706/13030788/
3.89,3000,KEN'S CAFE TOKYO,ケンズカフェ東京,https://tabelog.com/tw/tokyo/A1304/A130402/13024643/
3.89,0,machidashirubashiora-menshinka,町田汁場 しおらーめん進化,https://tabelog.com/tw/tokyo/A1327/A132701/13050023/
3.89,3000,Dharmasagara,ダルマサーガラ,https://tabelog.com/tw/tokyo/A1301/A130101/13002374/
3.89,6000,TRATTORIA GRAN BOCCA,トラットリア グランボッカ,https://tabelog.com/tw/tokyo/A1309/A130905/13173167/
3.89,10000,L'Assiette Blanche,ラシェット・ブランシュ,https://tabelog.com/tw/tokyo/A1316/A131602/13004471/
3.89,6000,Ryuuen,龍圓,https://tabelog.com/tw/tokyo/A1311/A131102/13003700/
3.89,0,A Cote Patisserie,ア コテ パティスリー,https://tabelog.com/tw/tokyo/A1316/A131602/13051424/
3.89,0,Chuukasobabenten,中華そば べんてん,https://tabelog.com/tw/tokyo/A1322/A132204/13200351/
3.89,6000,Bahoshi,BAR 保志,https://tabelog.com/tw/tokyo/A1301/A130101/13007819/
3.89,1000,CRIOLLO,クリオロ 東京本店,https://tabelog.com/tw/tokyo/A1322/A132202/13194959/
3.89,10000,PONTE DEL PIATTO,ポンテ デル ピアット,https://tabelog.com/tw/tokyo/A1307/A130703/13166111/
3.89,10000,Dame-Jeanne,ダム・ジャンヌ,https://tabelog.com/tw/tokyo/A1303/A130301/13053893/
3.89,5000,STAR BAR GINZA,スタア・バー・ギンザ,https://tabelog.com/tw/tokyo/A1301/A130101/13002270/
3.89,10000,Hayashi,鮨 波やし,https://tabelog.com/tw/tokyo/A1319/A131904/13070215/
3.89,8000,Lien,Lien,https://tabelog.com/tw/tokyo/A1317/A131705/13176808/
3.89,0,Junteuchidaruma,純手打ち だるま,https://tabelog.com/tw/tokyo/A1319/A131903/13218715/
3.89,4000,Houei,豊栄,https://tabelog.com/tw/tokyo/A1323/A132302/13194172/
3.88,1000,Toshiyoroiduka,Toshi Yoroizuka Mid Town,https://tabelog.com/tw/tokyo/A1307/A130701/13037382/
3.88,6000,ishiusuhikiteuchikyourakutei,石臼挽き手打 蕎楽亭,https://tabelog.com/tw/tokyo/A1309/A130905/13000479/
3.88,10000,Chuugokuhanten,中国飯店 六本木店,https://tabelog.com/tw/tokyo/A1307/A130701/13001954/
3.88,0,sobahausukonjikihototogisu,SOBA HOUSE 金色不如帰 新宿御苑本店,https://tabelog.com/tw/tokyo/A1304/A130402/13222172/
3.88,0,Patisserie Plaisir,パティスリー プレジール,https://tabelog.com/tw/tokyo/A1317/A131706/13045491/
3.88,0,BOULANGERIE SEIJI ASAKURA,ブーランジェリー セイジアサクラ,https://tabelog.com/tw/tokyo/A1316/A131603/13055881/
3.88,0,Furederikkukasseru,フレデリック カッセル 銀座三越,https://tabelog.com/tw/tokyo/A1301/A130101/13116839/
3.88,8000,Ranjatai,蘭奢待,https://tabelog.com/tw/tokyo/A1310/A131003/13000425/
3.88,1000,Menrabohiro,麺LABOひろ,https://tabelog.com/tw/tokyo/A1317/A131702/13203210/
3.88,10000,Beijing Yuzen,北京遊膳,https://tabelog.com/tw/tokyo/A1319/A131906/13001102/
3.88,10000,Artichaut,アーティショー,https://tabelog.com/tw/tokyo/A1303/A130302/13042337/
3.88,8000,Asakusajuuroku,浅草じゅうろく,https://tabelog.com/tw/tokyo/A1311/A131102/13185027/
3.88,8000,Yakitoriimai,焼鳥今井,https://tabelog.com/tw/tokyo/A1306/A130603/13025995/
3.88,3000,Kalpasi,カルパシ,https://tabelog.com/tw/tokyo/A1318/A131813/13202529/
3.88,10000,Yakinikuushigoro,焼肉うしごろ 銀座並木通り店,https://tabelog.com/tw/tokyo/A1301/A130101/13226719/
3.88,10000,Saekihanten,サエキ飯店,https://tabelog.com/tw/tokyo/A1316/A131601/13233311/
3.87,1000,Marugo,丸五,https://tabelog.com/tw/tokyo/A1310/A131001/13000379/
3.87,1000,Japanizusobanudorutsuta,Japanese Soba Noodles 蔦,https://tabelog.com/tw/tokyo/A1323/A132301/13136231/
3.87,1000,Mendokorohonda,麺処ほん田,https://tabelog.com/tw/tokyo/A1323/A132304/13047541/
3.87,8000,Godaime Nodaiwa,五代目 野田岩 麻布飯倉本店,https://tabelog.com/tw/tokyo/A1314/A131401/13002789/
3.87,3000,Pontahonke,ぽん多本家,https://tabelog.com/tw/tokyo/A1311/A131101/13003587/
3.87,6000,Tsukkabekkaraikayanuma,ツッカベッカライ カヤヌマ,https://tabelog.com/tw/tokyo/A1308/A130802/13002756/
3.87,3000,patisserie K.ViNCENT,パティスリー カーヴァンソン,https://tabelog.com/tw/tokyo/A1309/A130905/13035194/
3.87,0,ASTERISQUE,アステリスク,https://tabelog.com/tw/tokyo/A1318/A131811/13140735/
3.87,0,chuukasobaranchuu,中華蕎麦 蘭鋳,https://tabelog.com/tw/tokyo/A1319/A131903/13113532/
3.87,0,Le Ressort,ル・ルソール,https://tabelog.com/tw/tokyo/A1318/A131801/13026653/
3.87,6000,L'ottocento,ロットチェント,https://tabelog.com/tw/tokyo/A1302/A130203/13198683/
3.87,0,Chuukasobanishino,中華蕎麦にし乃,https://tabelog.com/tw/tokyo/A1310/A131004/13218311/
3.87,10000,Sanchokuya Taka,産直屋 たか,https://tabelog.com/tw/tokyo/A1303/A130301/13008327/
3.87,1000,MAISON D'AHNI,メゾン・ダーニ,https://tabelog.com/tw/tokyo/A1316/A131602/13183428/
3.87,8000,Mon Petit Cochon Rose,モンプチコションローズ,https://tabelog.com/tw/tokyo/A1323/A132301/13147009/
3.87,8000,Ginzakatsukami,銀座かつかみ,https://tabelog.com/tw/tokyo/A1301/A130101/13225476/
3.87,4000,Y&M Bar KISLING,ワイ アンド エム バー・キスリング,https://tabelog.com/tw/tokyo/A1301/A130101/13007814/
3.87,8000,Orlando,オルランド,https://tabelog.com/tw/tokyo/A1303/A130301/13174925/
3.86,2000,Dhaba India,ダバ インディア,https://tabelog.com/tw/tokyo/A1302/A130202/13000506/
3.86,0,viron,VIRON,https://tabelog.com/tw/tokyo/A1302/A130201/13043904/
3.86,1000,Signifiant Signifie,シニフィアン シニフィエ 日本橋タカシマヤ店,https://tabelog.com/tw/tokyo/A1302/A130202/13054419/
3.86,8000,ANTICA OSTERIA CARNEYA,アンティカ オステリア カルネヤ,https://tabelog.com/tw/tokyo/A1309/A130905/13045549/
3.86,10000,ginzaba-dorando,銀座バードランド,https://tabelog.com/tw/tokyo/A1301/A130101/13004097/
3.86,1000,MENSHO,MENSHO,https://tabelog.com/tw/tokyo/A1323/A132302/13203848/
3.86,1000,Ramenyamaguchi,らぁ麺やまぐち,https://tabelog.com/tw/tokyo/A1305/A130504/13151200/
3.86,3000,Ishinohana,石の華,https://tabelog.com/tw/tokyo/A1303/A130301/13004802/
3.86,1000,Yappari India,やっぱりインディア,https://tabelog.com/tw/tokyo/A1323/A132302/13207605/
3.86,4000,Esuto,EST!,https://tabelog.com/tw/tokyo/A1311/A131101/13003582/
3.86,8000,Shimbashikyuu,新ばし 久,https://tabelog.com/tw/tokyo/A1301/A130103/13030766/
3.86,8000,Renshan,蓮香,https://tabelog.com/tw/tokyo/A1316/A131602/13190771/
3.86,6000,restaurant unique,レストランユニック,https://tabelog.com/tw/tokyo/A1316/A131601/13163184/
3.86,10000,Yamasaki,山さき,https://tabelog.com/tw/tokyo/A1309/A130905/13000458/
3.86,6000,Kuoreazuro,クオーレアズーロ,https://tabelog.com/tw/tokyo/A1317/A131701/13140792/
3.86,10000,sel sal sale,セルサルサーレ,https://tabelog.com/tw/tokyo/A1303/A130302/13166739/
3.86,0,Ryoura,リョウラ,https://tabelog.com/tw/tokyo/A1317/A131707/13188208/
3.86,10000,Komatsu,小満津,https://tabelog.com/tw/tokyo/A1319/A131904/13001079/
3.86,10000,Maruta,マルタ,https://tabelog.com/tw/tokyo/A1326/A132601/13219686/
3.85,0,Niboshiiwashiramenen,煮干鰮らーめん 圓,https://tabelog.com/tw/tokyo/A1329/A132904/13091258/
3.85,1000,ERICK SOUTH,エリックサウス 八重洲店,https://tabelog.com/tw/tokyo/A1302/A130202/13130363/
3.85,1000,furu-tsupa-ra-fukunaga,フルーツパーラーフクナガ,https://tabelog.com/tw/tokyo/A1309/A130903/13006765/
3.85,0,Chuukasobayaitou,中華そば屋 伊藤,https://tabelog.com/tw/tokyo/A1323/A132304/13008779/
3.85,10000,Sala Amabile,サーラ アマービレ,https://tabelog.com/tw/tokyo/A1301/A130101/13113809/
3.85,8000,Jambo Shinozakihonten,焼肉 ジャンボ 篠崎本店,https://tabelog.com/tw/tokyo/A1312/A131205/13003075/
3.85,2000,Boulangerie Sudo,ブーランジェリー スドウ,https://tabelog.com/tw/tokyo/A1317/A131709/13098861/
3.85,6000,Shoutaien,正泰苑 総本店,https://tabelog.com/tw/tokyo/A1324/A132401/13003776/
3.85,0,niboshisobaru,煮干そば 流。,https://tabelog.com/tw/tokyo/A1323/A132304/13175140/
3.85,10000,Felicelina,Felicelina,https://tabelog.com/tw/tokyo/A1317/A131701/13130019/
3.85,0,materieru,マテリエル,https://tabelog.com/tw/tokyo/A1322/A132203/13110008/
3.85,8000,Torikado,鳥かど,https://tabelog.com/tw/tokyo/A1316/A131601/13202530/
3.85,10000,Remerciements OKAMOTO,ルメルシマン オカモト,https://tabelog.com/tw/tokyo/A1306/A130602/13145384/
3.85,2000,Addict au Sucre,アディクト オ シュクル,https://tabelog.com/tw/tokyo/A1317/A131702/13171753/
3.85,3000,Bathiare,Bar Tiare,https://tabelog.com/tw/tokyo/A1308/A130801/13100967/
3.85,6000,CarneSio east,CarneSio east,https://tabelog.com/tw/tokyo/A1303/A130302/13211666/
3.85,10000,Hiroya,ヒロヤ,https://tabelog.com/tw/tokyo/A1306/A130603/13160443/
3.85,8000,Torioka,鳥おか,https://tabelog.com/tw/tokyo/A1307/A130701/13225103/
3.84,0,Udon Maruka,うどん 丸香,https://tabelog.com/tw/tokyo/A1310/A131003/13000629/
3.84,1000,mochibutatonkatsutaiyou,もち豚とんかつ たいよう,https://tabelog.com/tw/tokyo/A1317/A131710/13059862/
3.84,0,niboshitsukememmiyamoto,煮干しつけ麺 宮元,https://tabelog.com/tw/tokyo/A1315/A131503/13180862/
3.84,0,Sambikurokujuugonichi,365日,https://tabelog.com/tw/tokyo/A1318/A131810/13164031/
3.84,1000,Murugi,ムルギー,https://tabelog.com/tw/tokyo/A1303/A130301/13001732/
3.84,1000,Shokorathieinamurashouzou,ショコラティエ イナムラショウゾウ,https://tabelog.com/tw/tokyo/A1311/A131105/13047298/
3.84,1000,Kamunabi,神名備,https://tabelog.com/tw/tokyo/A1311/A131105/13006070/
3.84,8000,La Boucherie du Buppa,ラ・ブーシェリー・デュ・ブッパ,https://tabelog.com/tw/tokyo/A1317/A131701/13018558/
3.84,10000,myoujinshitakakandagawa,明神下 神田川 本店,https://tabelog.com/tw/tokyo/A1310/A131002/13000346/
3.84,6000,shinsenichinoya,神泉いちのや,https://tabelog.com/tw/tokyo/A1303/A130301/13004659/
3.84,6000,La Sfoglina,ラ スフォリーナ,https://tabelog.com/tw/tokyo/A1306/A130603/13157731/
3.84,4000,ginzaippashi,銀座 いっぱし,https://tabelog.com/tw/tokyo/A1301/A130103/13041208/
3.84,8000,bisutoranerenesuku,Bistaurant RNSQ,https://tabelog.com/tw/tokyo/A1307/A130702/13100545/
3.84,10000,Gentil H,ジョンティ アッシュ,https://tabelog.com/tw/tokyo/A1316/A131602/13056132/
3.84,0,Patisserie JUN UJITA,パティスリー　ジュンウジタ,https://tabelog.com/tw/tokyo/A1317/A131702/13133033/
3.84,0,Ramenhiiki,らーめん飛粋,https://tabelog.com/tw/tokyo/A1315/A131503/13217922/
3.84,2000,Haguruma,歯車,https://tabelog.com/tw/tokyo/A1309/A130905/13045080/
3.84,6000,Steak&Trattoria Carnesio,ステーキ＆トラットリア カルネジーオ 大手町,https://tabelog.com/tw/tokyo/A1302/A130201/13195270/
3.84,8000,Le Bonze,Le Bonze,https://tabelog.com/tw/tokyo/A1301/A130101/13144110/
3.84,1000,Rapureshuzu,ラ・プレシューズ 紀尾井町店,https://tabelog.com/tw/tokyo/A1308/A130801/13198490/
3.84,8000,Ibaia,IBAIA,https://tabelog.com/tw/tokyo/A1301/A130101/13159072/
3.84,5000,hatsudaisupaisushokudouwakoninsaitando-ru,初台スパイス食堂 和魂印才たんどーる,https://tabelog.com/tw/tokyo/A1318/A131807/13195398/
3.84,10000,Gri-gri,グリグリ,https://tabelog.com/tw/tokyo/A1307/A130702/13149114/
3.84,6000,Unagikawasei,うなぎ川勢,https://tabelog.com/tw/tokyo/A1309/A130905/13035338/
3.84,0,Kotobukiseimenyoshikawa,寿製麺 よしかわ 西台駅前店,https://tabelog.com/tw/tokyo/A1322/A132205/13228611/
3.84,10000,Isshokutaissokutaichisokuta,一即夛,https://tabelog.com/tw/tokyo/A1307/A130701/13023340/
3.83,0,Ramenhayashida,らぁ麺 はやし田 新宿本店,https://tabelog.com/tw/tokyo/A1304/A130401/13216496/
3.83,1000,PATISSIER INAMURA SHOZO,パティシエ イナムラ ショウゾウ,https://tabelog.com/tw/tokyo/A1311/A131104/13003575/
3.83,0,Sucre-rie,シュークリー,https://tabelog.com/tw/tokyo/A1302/A130204/13050996/
3.83,10000,Les enfants gates,レザンファン ギャテ,https://tabelog.com/tw/tokyo/A1303/A130303/13039567/
3.83,6000,Akasakatsutsui,赤坂 津つ井 総本店,https://tabelog.com/tw/tokyo/A1307/A130701/13002829/
3.83,8000,Kunimoto Shinkan,焼肉くにもと 新館,https://tabelog.com/tw/tokyo/A1314/A131401/13035852/
3.83,8000,Souten,蒼天 南口店,https://tabelog.com/tw/tokyo/A1323/A132302/13092061/
3.83,1000,chuukasobamanchi-ken,中華そば 満鶏軒,https://tabelog.com/tw/tokyo/A1312/A131201/13220773/
3.83,2000,Nihombashinagato,日本橋 長門,https://tabelog.com/tw/tokyo/A1302/A130202/13011481/
3.83,0,Menyakintoki,麺や金時,https://tabelog.com/tw/tokyo/A1321/A132101/13139195/
3.83,10000,SHONZUI,祥瑞,https://tabelog.com/tw/tokyo/A1307/A130701/13001263/
3.83,8000,La Strada,ら すとらあだ,https://tabelog.com/tw/tokyo/A1319/A131903/13141774/
3.83,10000,COMME A LA MAISON,コム・ア・ラ・メゾン,https://tabelog.com/tw/tokyo/A1308/A130801/13002186/
3.83,10000,Namban Ginentei,南蛮 銀圓亭,https://tabelog.com/tw/tokyo/A1301/A130101/13002305/
3.83,8000,BONA FESTA,ボナ・フェスタ,https://tabelog.com/tw/tokyo/A1311/A131102/13016868/
3.83,10000,Kishunsuzunari,季旬 鈴なり,https://tabelog.com/tw/tokyo/A1309/A130903/13023513/
3.83,4000,Ruparan,ル・パラン,https://tabelog.com/tw/tokyo/A1304/A130401/13000988/
3.83,3000,yu-goandovikuto-ru,ユーゴ アンド ヴィクトール 伊勢丹新宿店,https://tabelog.com/tw/tokyo/A1304/A130401/13187714/
3.83,1000,Negombo33,negombo33 高円寺,https://tabelog.com/tw/tokyo/A1319/A131904/13228221/
3.83,10000,Narukami,鳴神,https://tabelog.com/tw/tokyo/A1306/A130603/13169768/
3.83,10000,Matsushima,マツシマ,https://tabelog.com/tw/tokyo/A1318/A131811/13195689/
3.83,10000,Le Ciel,Le Ciel,https://tabelog.com/tw/tokyo/A1325/A132503/13199145/
3.83,10000,shibuyafutaaji,渋谷 ふた味,https://tabelog.com/tw/tokyo/A1303/A130301/13204305/
3.82,1000,ECHIRE MAISON DU BEURRE,エシレ・メゾン デュ ブール,https://tabelog.com/tw/tokyo/A1302/A130201/13096439/
3.82,2000,Teuchiudonsumita,手打うどん すみた,https://tabelog.com/tw/tokyo/A1323/A132305/13003783/
3.82,0,Hatsune,はつね,https://tabelog.com/tw/tokyo/A1319/A131907/13000717/
3.82,2000,Tonkatsu Enraku,とんかつ燕楽,https://tabelog.com/tw/tokyo/A1317/A131714/13034183/
3.82,0,Curry House TIRI TIRI  ,カレーハウス チリチリ,https://tabelog.com/tw/tokyo/A1303/A130301/13002119/
3.82,6000,indoryouriomoinoki,インド料理 想いの木,https://tabelog.com/tw/tokyo/A1309/A130905/13023967/
3.82,6000,SITAARA,シターラ 青山店,https://tabelog.com/tw/tokyo/A1306/A130602/13009705/
3.82,0,Ramenkoike,らぁめん小池,https://tabelog.com/tw/tokyo/A1318/A131809/13172994/
3.82,5000,VIA Brianza,VIA Brianza,https://tabelog.com/tw/tokyo/A1307/A130702/13004549/
3.82,8000,Fushue,虎穴,https://tabelog.com/tw/tokyo/A1302/A130204/13098919/
3.82,3000,Touhakuankaribe,東白庵かりべ,https://tabelog.com/tw/tokyo/A1309/A130905/13131622/
3.82,1000,kurioro,クリオロ 中目黒店,https://tabelog.com/tw/tokyo/A1317/A131701/13077927/
3.82,10000,Kinoshita,キノシタ,https://tabelog.com/tw/tokyo/A1318/A131810/13001058/
3.82,6000,Takesan,焼き鳥 丈参,https://tabelog.com/tw/tokyo/A1302/A130204/13046105/
3.82,0,Rupandwujoerurobushon,ル パン ドゥ ジョエル･ロブション ニュウマン新宿店,https://tabelog.com/tw/tokyo/A1304/A130401/13193559/
3.82,6000,CINA New Modern Chinese,CINA New Modern Chinese,https://tabelog.com/tw/tokyo/A1303/A130302/13200117/
3.82,1000,Patisserie Salom de the Amitie,パティスリーサロン・ドゥ・テ アミティエ,https://tabelog.com/tw/tokyo/A1309/A130905/13047005/
3.82,2000,Rire Ginza,リール ギンザ,https://tabelog.com/tw/tokyo/A1301/A130101/13188259/
3.82,10000,L'Odorante par Minoru Nakijin,ロドラント ミノルナキジン,https://tabelog.com/tw/tokyo/A1301/A130101/13054492/
3.82,1000,uneclef,ユヌクレ,https://tabelog.com/tw/tokyo/A1318/A131813/13132250/
3.82,5000,Rajio,Radio,https://tabelog.com/tw/tokyo/A1306/A130602/13001207/
3.82,6000,Shichiriaya,シチリア屋,https://tabelog.com/tw/tokyo/A1323/A132301/13172747/
3.82,10000,CITTA' ALTA,チッタ アルタ,https://tabelog.com/tw/tokyo/A1310/A131003/13091849/
3.82,8000,RINASCIMENTO,リナシメント,https://tabelog.com/tw/tokyo/A1317/A131701/13201061/
3.82,10000,An Di,An Di,https://tabelog.com/tw/tokyo/A1306/A130603/13209346/
3.82,1000,8 jours,エイトジュール,https://tabelog.com/tw/tokyo/A1318/A131802/13157413/
3.82,6000,LOOP,LOOP,https://tabelog.com/tw/tokyo/A1305/A130503/13213372/
3.82,6000,Bar Shake,バー シェイク,https://tabelog.com/tw/tokyo/A1301/A130101/13057637/
3.81,2000,Maruichi,丸一,https://tabelog.com/tw/tokyo/A1315/A131503/13017765/
3.81,10000,Jumbo Shirokane,焼肉 ジャンボ 白金,https://tabelog.com/tw/tokyo/A1316/A131602/13026377/
3.81,0,Rupandojoerurobushon,ル パン ドゥ ジョエル・ロブション 渋谷ヒカリエShinQs店,https://tabelog.com/tw/tokyo/A1303/A130301/13140263/
3.81,1000,Tantantei,たんたん亭,https://tabelog.com/tw/tokyo/A1318/A131805/13000705/
3.81,10000,Maison Paul Bocuse,メゾン ポール・ボキューズ,https://tabelog.com/tw/tokyo/A1303/A130303/13040327/
3.81,0,ARTISAN BOULANGER CUPIDO,アルチザン・ブーランジェ・クピド,https://tabelog.com/tw/tokyo/A1317/A131711/13035704/
3.81,3000,unagisemmontenaikawa,鰻専門店 愛川,https://tabelog.com/tw/tokyo/A1305/A130503/13029734/
3.81,3000,Naporipittsupittsuriararossa,ナポリピッツァ Pizzeria la Rossa,https://tabelog.com/tw/tokyo/A1317/A131702/13130666/
3.81,10000,L’Atlas,ラトラス,https://tabelog.com/tw/tokyo/A1309/A130905/13059639/
3.81,1000,Ivorish,アイボリッシュ 渋谷店,https://tabelog.com/tw/tokyo/A1303/A130301/13167469/
3.81,0,Pathisuriraburikochie,パティスリー ラブリコチエ,https://tabelog.com/tw/tokyo/A1319/A131904/13100828/
3.81,10000,ENGINE,エンジン,https://tabelog.com/tw/tokyo/A1309/A130905/13178164/
3.81,10000,Yorozuya Okagesan,萬屋 おかげさん,https://tabelog.com/tw/tokyo/A1309/A130903/13025617/
3.81,6000,Sobakirisaketaigu,蕎麦切り 酒 大愚,https://tabelog.com/tw/tokyo/A1308/A130802/13130565/
3.81,1000,Mont Blanc STYLE,モンブランスタイル,https://tabelog.com/tw/tokyo/A1318/A131810/13221894/
3.81,3000,Bar kisala,バー キサラ,https://tabelog.com/tw/tokyo/A1308/A130801/13116198/
3.80,0,Kamejuu,亀十,https://tabelog.com/tw/tokyo/A1311/A131102/13003655/
3.80,0,Naniwayasouhonten,浪花家総本店,https://tabelog.com/tw/tokyo/A1307/A130702/13002775/
3.80,2000,Aoki,とんかつ檍 蒲田店,https://tabelog.com/tw/tokyo/A1315/A131503/13114843/
3.80,2000,Andhra Dining GINZA,アーンドラ・ダイニング 銀座,https://tabelog.com/tw/tokyo/A1301/A130101/13136701/
3.80,10000,Ushigoro Nishiazabu,焼肉 うしごろ 西麻布本店,https://tabelog.com/tw/tokyo/A1307/A130701/13124592/
3.80,0,Mendokorobigiya,麺処 びぎ屋,https://tabelog.com/tw/tokyo/A1317/A131702/13093976/
3.80,2000,Tonkatsumampei,とんかつ 万平,https://tabelog.com/tw/tokyo/A1310/A131002/13006333/
3.80,0,Machidashirubashioramenshinka,町田汁場 しおらーめん進化 町田駅前店,https://tabelog.com/tw/tokyo/A1327/A132701/13165085/
3.80,0,Katanebekari,カタネベーカリー,https://tabelog.com/tw/tokyo/A1318/A131811/13020931/
3.80,0,Ramenyamaguchiratsushiki,らぁ麺やまぐち 辣式,https://tabelog.com/tw/tokyo/A1313/A131303/13186890/
3.80,2000,Galettoria,ガレットリア,https://tabelog.com/tw/tokyo/A1303/A130301/13045560/
3.80,8000,REQUINQUER,ルカンケ,https://tabelog.com/tw/tokyo/A1316/A131602/13099717/
3.80,5000,Toyodaya,豊田屋,https://tabelog.com/tw/tokyo/A1312/A131202/13084796/
3.80,3000,Teuchisobakikutani,手打ちそば 菊谷 巣鴨本店,https://tabelog.com/tw/tokyo/A1322/A132201/13127598/
3.80,1000,Okashidokorosasama,御菓子処 さゝま,https://tabelog.com/tw/tokyo/A1310/A131003/13000627/
3.80,10000,LAUBURU,ローブリュー,https://tabelog.com/tw/tokyo/A1306/A130602/13002092/
3.80,10000,Piattosuzuki,ピアット・スズキ,https://tabelog.com/tw/tokyo/A1307/A130702/13004441/
3.80,10000,Passo a Passo,パッソ・ア・パッソ,https://tabelog.com/tw/tokyo/A1313/A131303/13004092/
3.80,10000,Shuushanshan,蜀郷香,https://tabelog.com/tw/tokyo/A1309/A130903/13115724/
3.80,6000,Yakitoriuno,焼鳥 うの,https://tabelog.com/tw/tokyo/A1317/A131711/13130757/
3.80,10000,hananorenkagura,花のれん 花楽,https://tabelog.com/tw/tokyo/A1308/A130801/13108211/
3.80,10000,AMBIGRAM,アンビグラム,https://tabelog.com/tw/tokyo/A1307/A130703/13144328/
3.80,10000,Unagiakasakasekine,うなぎ 赤坂 勢きね,https://tabelog.com/tw/tokyo/A1307/A130701/13039787/
3.80,10000,Hostaria Casa Bella,Hostaria Casa Bella,https://tabelog.com/tw/tokyo/A1306/A130603/13175709/
3.80,8000,NATIVO,ナティーボ,https://tabelog.com/tw/tokyo/A1317/A131706/13214082/
3.80,6000,MAGICAMENTE,マジカメンテ,https://tabelog.com/tw/tokyo/A1303/A130302/13121950/
3.80,3000,Kaesarion,カエサリオン,https://tabelog.com/tw/tokyo/A1318/A131811/13002011/
3.79,0,Fuuunji,風雲児,https://tabelog.com/tw/tokyo/A1304/A130401/13044091/
3.79,1000,Kandamatsuya,神田まつや,https://tabelog.com/tw/tokyo/A1310/A131002/13000340/
3.79,1000,Namikiyabusoba,並木藪蕎麦,https://tabelog.com/tw/tokyo/A1311/A131102/13003650/
3.79,2000,GURGAON,グルガオン,https://tabelog.com/tw/tokyo/A1301/A130101/13002457/
3.79,0,Menyashichisai,麺や 七彩,https://tabelog.com/tw/tokyo/A1302/A130203/13184399/
3.79,1000,Mont St Clair,モンサンクレール,https://tabelog.com/tw/tokyo/A1317/A131703/13003221/
3.79,3000,La Piccola Tavola,ラ・ピッコラ・ターヴォラ,https://tabelog.com/tw/tokyo/A1318/A131805/13005575/
3.79,0,Oozekichuukasobaten,おおぜき中華そば店,https://tabelog.com/tw/tokyo/A1303/A130302/13147623/
3.79,1000,Ageduki,あげづき,https://tabelog.com/tw/tokyo/A1309/A130905/13107796/
3.79,10000,Ryuutemmon,龍天門,https://tabelog.com/tw/tokyo/A1303/A130302/13004490/
3.79,6000,SPICE Cafe,スパイスカフェ,https://tabelog.com/tw/tokyo/A1312/A131203/13002935/
3.79,0,Dans Dix ans,ダンディゾン,https://tabelog.com/tw/tokyo/A1320/A132001/13005834/
3.79,2000,Nomotoya,のもと家,https://tabelog.com/tw/tokyo/A1314/A131401/13170377/
3.79,8000,oginoo-ganikkuresutoran,OGINO organic Restaurant,https://tabelog.com/tw/tokyo/A1317/A131705/13045099/
3.79,8000,Isehiro,伊勢廣 京橋本店,https://tabelog.com/tw/tokyo/A1302/A130202/13000541/
3.79,8000,Namaiki,生粋,https://tabelog.com/tw/tokyo/A1311/A131101/13165294/
3.79,1000,Haritts,ハリッツ 上原店,https://tabelog.com/tw/tokyo/A1318/A131811/13023466/
3.79,4000,Shimada,銀座 しまだ,https://tabelog.com/tw/tokyo/A1301/A130101/13136359/
3.79,3000,Pathisurisatsuki,パティスリー SATSUKI,https://tabelog.com/tw/tokyo/A1308/A130803/13000178/
3.79,6000,Kirakutei,きらく亭,https://tabelog.com/tw/tokyo/A1307/A130703/13007145/
3.79,8000,Resutorankamiya,レストラン香味屋,https://tabelog.com/tw/tokyo/A1311/A131104/13003752/
3.79,0,Sansanto,燦燦斗,https://tabelog.com/tw/tokyo/A1323/A132304/13038064/
3.79,0,Rotonnu,ロートンヌ 秋津本店,https://tabelog.com/tw/tokyo/A1328/A132806/13005967/
3.79,8000,Misuji,赤坂 みすじ,https://tabelog.com/tw/tokyo/A1308/A130801/13114946/
3.79,10000,sobasasuga,蕎麦 流石,https://tabelog.com/tw/tokyo/A1301/A130101/13002488/
3.79,6000,Ronkouchuucha,龍口酒家 本店,https://tabelog.com/tw/tokyo/A1318/A131807/13004350/
3.79,1000,Ramengantetsu,ラーメン巌哲,https://tabelog.com/tw/tokyo/A1305/A130504/13167439/
3.79,5000,Kuronekoyoru,黒猫夜 六本木店,https://tabelog.com/tw/tokyo/A1307/A130701/13115202/
3.79,10000,Kandayunrin,神田 雲林,https://tabelog.com/tw/tokyo/A1310/A131002/13023052/
3.79,6000,"Pizzeria da peppe NAPOLI STA'CA""",ナポリスタカ 神谷町店,https://tabelog.com/tw/tokyo/A1307/A130704/13132020/
3.79,0,REFECTOIRE,レフェクトワール,https://tabelog.com/tw/tokyo/A1306/A130601/13149666/
3.79,0,Manriki,卍力,https://tabelog.com/tw/tokyo/A1313/A131305/13168253/
3.79,8000,iriyakishimojimmonzennodaya,入谷鬼子母神門前のだや,https://tabelog.com/tw/tokyo/A1311/A131104/13152282/
3.79,4000,AHIRU STORE,アヒルストア,https://tabelog.com/tw/tokyo/A1318/A131810/13051357/
3.79,1000,Kyuuyamuteishimokitasou,旧ヤム邸 シモキタ荘,https://tabelog.com/tw/tokyo/A1318/A131802/13211142/
3.79,2000,ishiusubikiteuchisabatakahashi,石臼挽き手打ち蕎麦 高はし,https://tabelog.com/tw/tokyo/A1319/A131906/13004378/
3.79,1000,Pariogawaken,巴裡 小川軒 新橋店,https://tabelog.com/tw/tokyo/A1301/A130103/13024996/
3.79,4000,Chuugokusaizenrakubou,中国菜 膳楽房,https://tabelog.com/tw/tokyo/A1309/A130905/13156026/
3.79,10000,MONOLITH,モノリス,https://tabelog.com/tw/tokyo/A1303/A130301/13108686/
3.79,10000,nishiazabukenshirou,西麻布けんしろう,https://tabelog.com/tw/tokyo/A1307/A130703/13184885/
3.79,10000,OHARA ET CIE,オオハラ エ シーアイイー,https://tabelog.com/tw/tokyo/A1307/A130701/13005432/
3.79,4000,Masaru,まさる,https://tabelog.com/tw/tokyo/A1311/A131102/13003673/
3.79,10000,Oharasuresutoran,おはらス・レストラン,https://tabelog.com/tw/tokyo/A1316/A131603/13004538/
3.79,0,LE JARDIN BLEU,ル・ジャルダン・ブルー,https://tabelog.com/tw/tokyo/A1327/A132702/13023266/
3.79,10000,RISTORANTE YAGI,RISTORANTE YAGI,https://tabelog.com/tw/tokyo/A1303/A130303/13132568/
3.79,0,Mangetsuudon,満月うどん,https://tabelog.com/tw/tokyo/A1329/A132901/13026307/
3.79,5000,Hashidume,広尾はしづめ,https://tabelog.com/tw/tokyo/A1307/A130703/13141454/
3.79,6000,Kammeihou,涵梅舫 銀座店,https://tabelog.com/tw/tokyo/A1301/A130101/13174080/
3.79,6000,terowa-rukawabata,TERROIR Kawabata,https://tabelog.com/tw/tokyo/A1310/A131002/13173446/
3.79,10000,Ristorante Sotto l'Arco,リストランテソットラルコ,https://tabelog.com/tw/tokyo/A1301/A130101/13134899/
3.79,3000,Erikkusausumasaradaina,エリックサウスマサラダイナー,https://tabelog.com/tw/tokyo/A1303/A130301/13220984/
3.79,10000,Collage,モダンフレンチ 「コラージュ」 コンラッド東京,https://tabelog.com/tw/tokyo/A1301/A130103/13158816/
3.79,10000,Washokuonodera,和食 おの寺,https://tabelog.com/tw/tokyo/A1309/A130905/13030807/
3.79,6000,Tonko,敦煌,https://tabelog.com/tw/tokyo/A1309/A130903/13000935/
3.79,6000,irutoramu,il tram,https://tabelog.com/tw/tokyo/A1313/A131303/13157110/
3.79,8000,Dessert Le Comptoir,デセール ル コントワール,https://tabelog.com/tw/tokyo/A1317/A131715/13108815/
3.79,8000,AURELIO,AURELIO,https://tabelog.com/tw/tokyo/A1303/A130301/13197889/
3.79,8000,Ludique,ルディック,https://tabelog.com/tw/tokyo/A1311/A131102/13203326/
3.79,10000,LARTE SAWAFUJI,ラルテ沢藤,https://tabelog.com/tw/tokyo/A1306/A130603/13167449/
3.79,4000,Karuso,カルーソー,https://tabelog.com/tw/tokyo/A1304/A130401/13111408/
3.79,3000,Drambuie,ドランブイ,https://tabelog.com/tw/tokyo/A1324/A132402/13116249/
3.79,8000,Supeinryourisarudesuka,スペイン料理サルデスカ,https://tabelog.com/tw/tokyo/A1311/A131104/13196197/
3.78,2000,Mitoyazawa,ミート矢澤,https://tabelog.com/tw/tokyo/A1316/A131603/13042320/
3.78,0,Kariraisusemmontenechiopia,カリーライス専門店エチオピア 本店,https://tabelog.com/tw/tokyo/A1310/A131003/13000638/
3.78,1000,BROZERS',ブラザーズ 人形町本店,https://tabelog.com/tw/tokyo/A1302/A130204/13003002/
3.78,1000,Mugitooribu,むぎとオリーブ 銀座店,https://tabelog.com/tw/tokyo/A1301/A130101/13164932/
3.78,2000,Kandayabusoba,かんだやぶそば,https://tabelog.com/tw/tokyo/A1310/A131002/13000334/
3.78,4000,Bantai,バンタイ,https://tabelog.com/tw/tokyo/A1304/A130401/13000085/
3.78,1000,FIRE HOUSE,ファイヤーハウス,https://tabelog.com/tw/tokyo/A1310/A131004/13003538/
3.78,4000,Komagatadojou,駒形どぜう 本店,https://tabelog.com/tw/tokyo/A1311/A131102/13003684/
3.78,2000,Okonomiyakikiji,お好み焼 きじ 丸の内店,https://tabelog.com/tw/tokyo/A1302/A130201/13020110/
3.78,5000,Gyuzo,焼肉問屋 牛蔵,https://tabelog.com/tw/tokyo/A1321/A132102/13008910/
3.78,0,Taiyakiwakaba,たいやき わかば,https://tabelog.com/tw/tokyo/A1309/A130902/13000848/
3.78,1000,"BREAD,ESPRESSO &",パンとエスプレッソと,https://tabelog.com/tw/tokyo/A1306/A130602/13090477/
3.78,1000,tonkatsutonki,とんかつ とんき 目黒本店,https://tabelog.com/tw/tokyo/A1316/A131601/13002040/
3.78,3000,Seirinkan,聖林館,https://tabelog.com/tw/tokyo/A1317/A131701/13003188/
3.78,0,Yanagiya,柳屋,https://tabelog.com/tw/tokyo/A1302/A130204/13003065/
3.78,6000,LA BETTOLA da Ochiai,ラ・ベットラ・ダ・オチアイ,https://tabelog.com/tw/tokyo/A1313/A131301/13002504/
3.78,0,suminoepan,墨繪パン 新宿店,https://tabelog.com/tw/tokyo/A1304/A130401/13000762/
3.78,1000,Kouhien,香妃園,https://tabelog.com/tw/tokyo/A1307/A130701/13001271/
3.78,6000,Partenope,パルテノペ 恵比寿店,https://tabelog.com/tw/tokyo/A1303/A130302/13005480/
3.78,10000,toukyoushibatoufuyaukai,東京 芝 とうふ屋うかい,https://tabelog.com/tw/tokyo/A1314/A131401/13019665/
3.78,2000,Rengatei,煉瓦亭,https://tabelog.com/tw/tokyo/A1301/A130101/13002430/
3.78,3000,Nirvanam,ニルワナム 神谷町店,https://tabelog.com/tw/tokyo/A1307/A130704/13019915/
3.78,2000,Andhra Kitchen,アーンドラ・キッチン,https://tabelog.com/tw/tokyo/A1311/A131101/13096305/
3.78,6000,Ramithie,ラミティエ,https://tabelog.com/tw/tokyo/A1305/A130503/13004131/
3.78,3000,Souhonkesarashinahorii,総本家更科堀井 本店,https://tabelog.com/tw/tokyo/A1307/A130702/13001226/
3.78,3000,Reikyou,麗郷 渋谷店,https://tabelog.com/tw/tokyo/A1303/A130301/13001805/
3.78,10000,BENOIT,ブノワ,https://tabelog.com/tw/tokyo/A1306/A130602/13019489/
3.78,2000,MUNCH'S BURGER SHACK,マンチズ バーガー シャック,https://tabelog.com/tw/tokyo/A1314/A131401/13121856/
3.78,2000,Kishidaya,岸田屋,https://tabelog.com/tw/tokyo/A1313/A131302/13002239/
3.78,1000,Bekabaunsu,ベーカーバウンス,https://tabelog.com/tw/tokyo/A1317/A131706/13004780/
3.78,4000,Tanyakishinobushinobu,たん焼 忍,https://tabelog.com/tw/tokyo/A1309/A130903/13000943/
3.78,1000,Uchida,宇ち多゛,https://tabelog.com/tw/tokyo/A1324/A132403/13003087/
3.78,2000,KHAN KEBAB BIRYANI,カーン・ケバブ・ビリヤニ,https://tabelog.com/tw/tokyo/A1301/A130103/13170211/
3.78,6000,Mantenzushi,まんてん鮨 丸の内,https://tabelog.com/tw/tokyo/A1302/A130201/13096429/
3.78,4000,Muromachisunaba,室町砂場,https://tabelog.com/tw/tokyo/A1310/A131002/13000316/
3.78,2000,DELHI,デリー 銀座店,https://tabelog.com/tw/tokyo/A1301/A130101/13002616/
3.78,3000,Truly south indian dakshin yaesu,南インド料理ダクシン 八重洲店,https://tabelog.com/tw/tokyo/A1302/A130202/13117635/
3.78,0,chuukasobafukumimi,中華そば ふくみみ,https://tabelog.com/tw/tokyo/A1326/A132602/13016486/
3.78,2000,Hasegawa,はせ川,https://tabelog.com/tw/tokyo/A1312/A131201/13019126/
3.78,4000,Betonamuchan,ベトナムちゃん,https://tabelog.com/tw/tokyo/A1304/A130404/13122530/
3.78,10000,Shinjukukappounakajima,新宿割烹 中嶋,https://tabelog.com/tw/tokyo/A1304/A130401/13000959/
3.78,8000,Shoutaien,正泰苑 芝大門店,https://tabelog.com/tw/tokyo/A1314/A131401/13005213/
3.78,8000,trattoria Tanta Bocca,トラットリア タンタボッカ,https://tabelog.com/tw/tokyo/A1304/A130403/13058484/
3.78,1000,Shimura,志むら,https://tabelog.com/tw/tokyo/A1305/A130502/13003855/
3.78,2000,tonkatsuaoki,とんかつ檍 大門店,https://tabelog.com/tw/tokyo/A1314/A131401/13190933/
3.78,1000,Reg-On Diner,レッグオンダイナー,https://tabelog.com/tw/tokyo/A1303/A130301/13054359/
3.78,0,Uchitateya,うちたて家,https://tabelog.com/tw/tokyo/A1305/A130501/13003889/
3.78,8000,Hontosaya,本とさや,https://tabelog.com/tw/tokyo/A1311/A131102/13003711/
3.78,3000,Machinopara,まちのパーラー,https://tabelog.com/tw/tokyo/A1321/A132101/13126515/
3.78,6000,L'AS,ラス,https://tabelog.com/tw/tokyo/A1306/A130602/13137097/
3.78,8000,RESTAURANT SAKAKI,レストラン・サカキ,https://tabelog.com/tw/tokyo/A1302/A130202/13002443/
3.78,5000,Kuronekoyoru,黒猫夜,https://tabelog.com/tw/tokyo/A1308/A130801/13019152/
3.78,2000,Tokudawara,徳多和良,https://tabelog.com/tw/tokyo/A1324/A132402/13008682/
3.78,10000,Elio Locanda Italiana,エリオ・ロカンダ・イタリアーナ,https://tabelog.com/tw/tokyo/A1308/A130803/13000293/
3.78,3000,Savoi,SAVOY 麻布十番店,https://tabelog.com/tw/tokyo/A1307/A130702/13036875/
3.78,8000,MONNA LISA,モナリザ 恵比寿店,https://tabelog.com/tw/tokyo/A1303/A130302/13004628/
3.78,2000,Sanchoumenokareyasan,３丁目のカレー屋さん ,https://tabelog.com/tw/tokyo/A1302/A130202/13025962/
3.78,10000,Lugdunum Bouchon Lyonnais,ルグドゥノム ブション リヨネ,https://tabelog.com/tw/tokyo/A1309/A130905/13043985/
3.78,1000,tonkatsumasamune,とんかつ まさむね,https://tabelog.com/tw/tokyo/A1308/A130801/13156833/
3.78,1000,Kuriyakashikurogi,廚菓子くろぎ,https://tabelog.com/tw/tokyo/A1310/A131004/13167993/
3.78,3000,MASSIMOTTAVIO,マッシモッタヴィオ,https://tabelog.com/tw/tokyo/A1318/A131805/13132982/
3.78,1000,Matsuou,松翁,https://tabelog.com/tw/tokyo/A1310/A131003/13000604/
3.78,6000,Nikuyama,肉山,https://tabelog.com/tw/tokyo/A1320/A132001/13155313/
3.78,5000,Kanemasu,かねます,https://tabelog.com/tw/tokyo/A1313/A131302/13002243/
3.78,2000,Muromachisunaba,室町 砂場 赤坂店,https://tabelog.com/tw/tokyo/A1308/A130801/13002787/
3.78,3000,COCHIN NIVAS,コチン ニヴァース,https://tabelog.com/tw/tokyo/A1304/A130401/13056242/
3.78,1000,Authentic,オーセンティック,https://tabelog.com/tw/tokyo/A1308/A130802/13030795/
3.78,8000,TRATTORIA DELLA Lanterna Magica,ランテルナ・マジカ,https://tabelog.com/tw/tokyo/A1316/A131601/13015855/
3.78,0,taishiosobatouka,鯛塩そば 灯花,https://tabelog.com/tw/tokyo/A1309/A130903/13181527/
3.78,3000,Mirei,ミ・レイ,https://tabelog.com/tw/tokyo/A1315/A131503/13003307/
3.78,5000,L'EPICURIEN,レピキュリアン,https://tabelog.com/tw/tokyo/A1320/A132001/13005891/
3.78,2000,Ikkouan,一幸庵,https://tabelog.com/tw/tokyo/A1323/A132302/13005076/
3.78,6000,Chuugokushukadaisangen,中国酒家 大三元,https://tabelog.com/tw/tokyo/A1312/A131201/13007985/
3.78,0,Tachibana,たちばな,https://tabelog.com/tw/tokyo/A1301/A130103/13022189/
3.78,8000,Jirio,ジリオ,https://tabelog.com/tw/tokyo/A1301/A130103/13048986/
3.78,10000,Ristorante Cascina Canamilla,Ristorante Cascina Canamilla,https://tabelog.com/tw/tokyo/A1317/A131701/13020531/
3.78,1000,Aosan,AOSAN,https://tabelog.com/tw/tokyo/A1326/A132601/13047751/
3.78,5000,grill GRAND,グリル グランド,https://tabelog.com/tw/tokyo/A1311/A131102/13008702/
3.78,0,Chuukasobasatou,中華そば さとう,https://tabelog.com/tw/tokyo/A1315/A131504/13132475/
3.78,3000,Azabushokudou,麻布食堂,https://tabelog.com/tw/tokyo/A1307/A130703/13001363/
3.78,0,Seijouarupusu,成城アルプス,https://tabelog.com/tw/tokyo/A1318/A131814/13002002/
3.78,4000,La TRIPLETTA,ラ・トリプレッタ,https://tabelog.com/tw/tokyo/A1317/A131710/13165472/
3.78,6000,du Barry,デュ バリー,https://tabelog.com/tw/tokyo/A1317/A131705/13110276/
3.78,10000,La Tourelle,ラ・トゥーエル,https://tabelog.com/tw/tokyo/A1309/A130905/13000457/
3.78,10000,Resutoranhiromichi,レストラン　ヒロミチ,https://tabelog.com/tw/tokyo/A1303/A130302/13090587/
3.78,5000,Hatsuogawa,初小川,https://tabelog.com/tw/tokyo/A1311/A131102/13003702/
3.78,2000,LA VIEILLE FRANCE,ラ・ヴィエイユ・フランス 本店,https://tabelog.com/tw/tokyo/A1318/A131809/13043939/
3.78,8000,Torie,鳥恵 上野広小路店,https://tabelog.com/tw/tokyo/A1311/A131101/13128870/
3.78,3000,Pizzeria Vento e Mare,ベントエマーレ,https://tabelog.com/tw/tokyo/A1317/A131710/13114520/
3.78,10000,RISTORANTE HONDA,リストランテ・ホンダ,https://tabelog.com/tw/tokyo/A1306/A130603/13016590/
3.78,6000,Narutomi,手打ち蕎麦 成冨,https://tabelog.com/tw/tokyo/A1313/A131301/13023064/
3.78,10000,Bentenyamamiyakozushi,弁天山美家古寿司,https://tabelog.com/tw/tokyo/A1311/A131102/13003694/
3.78,0,Yukiusagi,雪うさぎ,https://tabelog.com/tw/tokyo/A1317/A131707/13169308/
3.78,0,mensakeyamano,麺 酒 やまの,https://tabelog.com/tw/tokyo/A1321/A132102/13154616/
3.78,0,LADUREE,ラデュレ  日本橋三越店,https://tabelog.com/tw/tokyo/A1302/A130202/13056234/
3.78,10000,Vin de Reve,ヴァン・ド・レーヴ,https://tabelog.com/tw/tokyo/A1301/A130101/13022678/
3.78,3000,Bago,BAR五,https://tabelog.com/tw/tokyo/A1303/A130302/13093230/
3.77,0,nihombashitendonkanekohannosuke,日本橋 天丼 金子半之助 本店,https://tabelog.com/tw/tokyo/A1302/A130202/13118694/
3.77,0,tsukemengonokamiseisakujo,つけ麺 五ノ神製作所 新宿店,https://tabelog.com/tw/tokyo/A1304/A130401/13120708/
3.77,0,Koukaibou,こうかいぼう,https://tabelog.com/tw/tokyo/A1313/A131303/13005052/
3.77,1000,Nihonbasikaisendon,日本橋海鮮丼 つじ半,https://tabelog.com/tw/tokyo/A1302/A130202/13146590/
3.77,0,soranoirojapani-zusu-punu-dorufuri-sutairu,ソラノイロ Japanese soup noodle free style 本店,https://tabelog.com/tw/tokyo/A1308/A130803/13126816/
3.77,1000,Himitsudou,ひみつ堂,https://tabelog.com/tw/tokyo/A1311/A131106/13126796/
3.77,5000,Brasserie VIRON,ブラッスリー・ヴィロン 渋谷店,https://tabelog.com/tw/tokyo/A1303/A130301/13004627/
3.77,1000,Furankurinabeni,フランクリン・アベニュー,https://tabelog.com/tw/tokyo/A1316/A131603/13001556/
3.77,0,Rabuthikkudojoerurobushon,ラ ブティック ドゥ ジョエル・ロブション 丸の内ブリックスクエア店,https://tabelog.com/tw/tokyo/A1302/A130201/13096409/
3.77,3000,Hamburg Will,ハンバーグ ウィル,https://tabelog.com/tw/tokyo/A1304/A130402/13041176/
3.77,2000,Uenoyabusoba,上野藪そば,https://tabelog.com/tw/tokyo/A1311/A131101/13003594/
3.77,2000,Pizzeria GG,ピッツェリアジージー 吉祥寺,https://tabelog.com/tw/tokyo/A1320/A132001/13047308/
3.77,3000,L'Antica Pizzeria da Michele,アンティーカ・ピッツェリア・ダ・ミケーレ 恵比寿,https://tabelog.com/tw/tokyo/A1303/A130302/13136144/
3.77,6000,Tamai,玉ゐ 本店,https://tabelog.com/tw/tokyo/A1302/A130202/13019904/
3.77,0,menyafururu,麺屋 Hulu-lu,https://tabelog.com/tw/tokyo/A1305/A130501/13136428/
3.77,1000,Katsuretsuyotsuyatakeda,かつれつ四谷たけだ,https://tabelog.com/tw/tokyo/A1309/A130902/13131643/
3.77,5000,nedukamachiku,根津 釜竹,https://tabelog.com/tw/tokyo/A1311/A131106/13020252/
3.77,1000,Loup de mer,ルー・ド・メール,https://tabelog.com/tw/tokyo/A1310/A131002/13009148/
3.77,4000,Gensenyoushokusakurai,厳選洋食さくらい,https://tabelog.com/tw/tokyo/A1311/A131101/13003638/
3.77,6000,Inshoutei,韻松亭,https://tabelog.com/tw/tokyo/A1311/A131101/13003560/
3.77,0,Usagiya,うさぎや 本店,https://tabelog.com/tw/tokyo/A1302/A130202/13003250/
3.77,2000,AS CLASSICS DINER,エーエス クラシックス ダイナー KOMAZAWA,https://tabelog.com/tw/tokyo/A1317/A131707/13022762/
3.77,10000,Jambo Hongo,焼肉 ジャンボ 本郷店,https://tabelog.com/tw/tokyo/A1310/A131004/13110601/
3.77,5000,Torattoriatsukidiparadhizo,トラットリア・築地パラディーゾ,https://tabelog.com/tw/tokyo/A1313/A131301/13132422/
3.77,6000,Shokusaikadota,食彩 かどた,https://tabelog.com/tw/tokyo/A1303/A130302/13016622/
3.77,1000,kare-nomisepu-san,カレーの店 プーさん,https://tabelog.com/tw/tokyo/A1325/A132501/13005962/
3.77,1000,Nishimura,にし邑,https://tabelog.com/tw/tokyo/A1301/A130101/13025298/
3.77,3000,Garamumasara,ガラムマサラ,https://tabelog.com/tw/tokyo/A1318/A131813/13013124/
3.77,10000,GINZA chez tomo,銀座 シェ・トモ,https://tabelog.com/tw/tokyo/A1301/A130101/13097935/
3.77,6000,Shinsekaisaikan,新世界菜館,https://tabelog.com/tw/tokyo/A1310/A131003/13000411/
3.77,1000,kare-nomiseudon,かれーの店 うどん ,https://tabelog.com/tw/tokyo/A1316/A131603/13004531/
3.77,10000,Chinois,シノワ 渋谷店,https://tabelog.com/tw/tokyo/A1303/A130301/13004621/
3.77,0,LA BOUTIQUE de Joel Robushon,ラ ブティック ドゥ ジョエル・ロブション 恵比寿ガーデンプレイス店,https://tabelog.com/tw/tokyo/A1303/A130302/13014064/
3.77,0,Mutahiro,鶏そば  ムタヒロ 2号店,https://tabelog.com/tw/tokyo/A1325/A132502/13147068/
3.77,1000,Fru-Full,ホットケーキパーラー フルフル 赤坂店,https://tabelog.com/tw/tokyo/A1308/A130801/13155288/
3.77,8000,IL BOCCALONE,イル・ボッカローネ,https://tabelog.com/tw/tokyo/A1303/A130302/13001646/
3.77,1000,zaba-ga-sutandofero-zu,THE BURGER STAND FELLOWS,https://tabelog.com/tw/tokyo/A1306/A130602/13020792/
3.77,8000,Hantei,はん亭 根津本店,https://tabelog.com/tw/tokyo/A1311/A131106/13003577/
3.77,8000,Shunnoajitakishita,旬の味　たき下,https://tabelog.com/tw/tokyo/A1307/A130702/13004451/
3.77,8000,MONNA LISA,モナリザ 丸の内店,https://tabelog.com/tw/tokyo/A1302/A130201/13000302/
3.77,2000,Dougenrou,同源楼,https://tabelog.com/tw/tokyo/A1308/A130801/13041758/
3.77,8000,DAL-MATTO,ダルマット 恵比寿店,https://tabelog.com/tw/tokyo/A1303/A130302/13022514/
3.77,6000,Fiorenza,イタリア料理 フィオレンツァ,https://tabelog.com/tw/tokyo/A1301/A130101/13043356/
3.77,4000,Toukyoudosanjin,東京 土山人,https://tabelog.com/tw/tokyo/A1317/A131705/13047472/
3.77,6000,Chuukakousaijasumin,中華香彩JASMINE,https://tabelog.com/tw/tokyo/A1303/A130302/13123634/
3.77,8000,DAL-MATTO,ダルマット 西麻布本店,https://tabelog.com/tw/tokyo/A1307/A130701/13016614/
3.77,1000,Supaisu,すぱいす,https://tabelog.com/tw/tokyo/A1319/A131906/13004379/
3.77,10000,Il Figo Ingordo,イル・フィーゴ・インゴルド,https://tabelog.com/tw/tokyo/A1307/A130701/13104779/
3.77,1000,Gensoba Nonaka,玄蕎麦 野中,https://tabelog.com/tw/tokyo/A1321/A132102/13002725/
3.77,10000,Aromakurashiko,アロマクラシコ,https://tabelog.com/tw/tokyo/A1314/A131403/13005730/
3.77,1000,Bekkaraiburotohaimu,ベッカライ・ブロートハイム,https://tabelog.com/tw/tokyo/A1317/A131707/13001529/
3.77,5000,Edosobahosokawa,江戸蕎麦ほそ川,https://tabelog.com/tw/tokyo/A1312/A131201/13002967/
3.77,5000,motsuyakimarui,もつ焼 まるい,https://tabelog.com/tw/tokyo/A1312/A131203/13002960/
3.77,8000,OGGI DAL-MATTO,オッジ ダルマット 西麻布店,https://tabelog.com/tw/tokyo/A1307/A130701/13057753/
3.77,3000,teuchisobanedutakajou,手打ちそば 根津 鷹匠,https://tabelog.com/tw/tokyo/A1311/A131106/13009812/
3.77,4000,Dashinsoan,打心蕎庵,https://tabelog.com/tw/tokyo/A1318/A131802/13028732/
3.77,1000,Shinagawaokina,しながわ翁,https://tabelog.com/tw/tokyo/A1314/A131405/13001865/
3.77,6000,Shichijou,七條,https://tabelog.com/tw/tokyo/A1310/A131002/13152996/
3.77,4000,BELLA NAPOLI,ベッラ・ナポリ,https://tabelog.com/tw/tokyo/A1312/A131201/13005043/
3.77,3000,Gyouzabouchohakkai,餃子坊　豚八戒,https://tabelog.com/tw/tokyo/A1319/A131905/13090377/
3.77,1000,Sansaru,サンサール 小岩店,https://tabelog.com/tw/tokyo/A1312/A131204/13009589/
3.77,10000,Shisen,四川,https://tabelog.com/tw/tokyo/A1316/A131602/13000014/
3.77,6000,Fushan,馥香 浅草橋本店,https://tabelog.com/tw/tokyo/A1311/A131103/13010780/
3.77,2000,Otanjadhisu,Ａｕ Ｔｅｍｐｓ Ｊａｄｉｓ,https://tabelog.com/tw/tokyo/A1303/A130301/13003350/
3.77,6000,Gozembou,御膳房,https://tabelog.com/tw/tokyo/A1307/A130701/13001852/
3.77,10000,Keisukematsushima,KEISUKE MATSUSHIMA,https://tabelog.com/tw/tokyo/A1306/A130601/13091871/
3.77,6000,Kandakouju,かんだ光壽,https://tabelog.com/tw/tokyo/A1310/A131002/13011272/
3.77,0,Ginzahachigo,銀座 八五,https://tabelog.com/tw/tokyo/A1301/A130101/13228602/
3.77,0,teuchisobamori,手打そば もり,https://tabelog.com/tw/tokyo/A1305/A130503/13006046/
3.77,6000,Resutoranaida,レストラン 間,https://tabelog.com/tw/tokyo/A1303/A130302/13141463/
3.77,8000,Caudalie,コーダリー,https://tabelog.com/tw/tokyo/A1311/A131101/13036146/
3.77,10000,Yagembori,やげんぼり 赤坂店,https://tabelog.com/tw/tokyo/A1308/A130801/13002749/
3.77,10000,Yakinikukunimoto,焼肉くにもと 本店,https://tabelog.com/tw/tokyo/A1314/A131401/13007842/
3.77,0,Okushitaniaru,オクシタニアル 東京本店,https://tabelog.com/tw/tokyo/A1302/A130204/13164246/
3.77,10000,COUCAGNO,タワーズレストラン クーカーニョ,https://tabelog.com/tw/tokyo/A1303/A130301/13001905/
3.77,3000,Hyoutanya,ひょうたん屋 1丁目店,https://tabelog.com/tw/tokyo/A1301/A130101/13002434/
3.77,2000,L'AUTOMNE,ロートンヌ 中野店,https://tabelog.com/tw/tokyo/A1321/A132101/13118933/
3.77,6000,Kawaji,大衆料理　川治,https://tabelog.com/tw/tokyo/A1302/A130204/13057355/
3.77,3000,Senyou,SEN YO,https://tabelog.com/tw/tokyo/A1319/A131904/13135036/
3.77,0,Patisserie du Chef FUJIU,フジウ,https://tabelog.com/tw/tokyo/A1329/A132903/13006009/
3.77,6000,Torukkio,トルッキオ,https://tabelog.com/tw/tokyo/A1309/A130906/13002401/
3.77,1000,Norietto,ノリエット,https://tabelog.com/tw/tokyo/A1318/A131809/13000687/
3.77,1000,Rakkannishiazabugorudo,楽観 NISHIAZABU GOLD,https://tabelog.com/tw/tokyo/A1307/A130701/13191934/
3.77,2000,Urth Caffé,Urth Caffé 表参道,https://tabelog.com/tw/tokyo/A1306/A130602/13168569/
3.77,4000,sobatajima,蕎麦 たじま,https://tabelog.com/tw/tokyo/A1307/A130703/13020154/
3.77,8000,Janisuun,ジャニス・ウォン,https://tabelog.com/tw/tokyo/A1304/A130401/13193549/
3.77,0,ORANGE COUNTY,オレンジカウンティ 本店,https://tabelog.com/tw/tokyo/A1318/A131814/13096736/
3.77,3000,Shisenkateiryourizenzenchinchin,四川家庭料理 珍々,https://tabelog.com/tw/tokyo/A1312/A131204/13020918/
3.77,6000,Toriteru,鳥てる,https://tabelog.com/tw/tokyo/A1314/A131403/13014051/
3.77,3000,Nemurian,眠庵,https://tabelog.com/tw/tokyo/A1310/A131002/13020841/
3.77,5000,Kuronekoyoru,黒猫夜 銀座店,https://tabelog.com/tw/tokyo/A1301/A130101/13162692/
3.77,6000,Ame,ビストロアム,https://tabelog.com/tw/tokyo/A1303/A130302/13186920/
3.77,5000,Anzai,安斎,https://tabelog.com/tw/tokyo/A1319/A131906/13001105/
3.77,4000,Yoroppa,468,https://tabelog.com/tw/tokyo/A1311/A131102/13035662/
3.77,8000,tatsumisobashimahei,巽蕎麦 志ま平,https://tabelog.com/tw/tokyo/A1309/A130905/13020236/
3.77,10000,Osuto,Ostu,https://tabelog.com/tw/tokyo/A1318/A131810/13044972/
3.77,5000,Sobayatsukigokoro,蕎や 月心,https://tabelog.com/tw/tokyo/A1317/A131701/13096494/
3.77,1000,PÂTISSERIE Yoshinori Asami,パティスリーヨシノリアサミ,https://tabelog.com/tw/tokyo/A1323/A132301/13187756/
3.77,1000,LE GARUE M,ル ガリュウＭ,https://tabelog.com/tw/tokyo/A1315/A131502/13049633/
3.77,6000,Makino,牧野,https://tabelog.com/tw/tokyo/A1314/A131405/13027466/
3.77,0,Ramenjirou,ラーメン二郎 神田神保町店,https://tabelog.com/tw/tokyo/A1310/A131003/13216512/
3.77,5000,Bar la Hulotte,バー・ラ・ユロット,https://tabelog.com/tw/tokyo/A1307/A130702/13030834/
3.77,0,OCTOBRE,オクトーブル,https://tabelog.com/tw/tokyo/A1317/A131706/13154775/
3.77,5000,Sakouba,酒向Ｂａｒ,https://tabelog.com/tw/tokyo/A1301/A130103/13116754/
3.76,10000,toriryouritamahide,鳥料理 玉ひで,https://tabelog.com/tw/tokyo/A1302/A130204/13003073/
3.76,0,Shimbashimatoi,新橋 纏,https://tabelog.com/tw/tokyo/A1301/A130103/13156937/
3.76,5000,Napule,ナプレ 南青山本店 ,https://tabelog.com/tw/tokyo/A1306/A130602/13003493/
3.76,1000,THE GREAT BURGER,ザ グレートバーガー,https://tabelog.com/tw/tokyo/A1306/A130601/13042654/
3.76,0,Sougetsu,草月,https://tabelog.com/tw/tokyo/A1323/A132304/13003793/
3.76,3000,Bisutorohitsujiya,Bistro ひつじや,https://tabelog.com/tw/tokyo/A1304/A130403/13000682/
3.76,0,Bongo,ぼんご,https://tabelog.com/tw/tokyo/A1323/A132302/13003791/
3.76,4000,Taishuukappousanshuuya,大衆割烹 三州屋 銀座店 ,https://tabelog.com/tw/tokyo/A1301/A130101/13002473/
3.76,1000,pointage,ポワンタージュ,https://tabelog.com/tw/tokyo/A1307/A130702/13004566/
3.76,6000,CICADA,CICADA,https://tabelog.com/tw/tokyo/A1306/A130602/13004580/
3.76,0,ootsukaya,大塚屋,https://tabelog.com/tw/tokyo/A1309/A130904/13000475/
3.76,2000,Dotenoiseya,土手の伊勢屋,https://tabelog.com/tw/tokyo/A1324/A132401/13003745/
3.76,4000,Brasserie Gus,ブラッスリー・グー,https://tabelog.com/tw/tokyo/A1309/A130905/13000470/
3.76,3000,Kandakikukawa,神田きくかわ 神田店,https://tabelog.com/tw/tokyo/A1310/A131002/13000339/
3.76,2000,Sakaezushi,栄寿司,https://tabelog.com/tw/tokyo/A1324/A132403/13008118/
3.76,1000,Waguriya,和栗や,https://tabelog.com/tw/tokyo/A1311/A131106/13130539/
3.76,4000,Parkside DINER,パークサイドダイナー,https://tabelog.com/tw/tokyo/A1301/A130102/13037894/
3.76,2000,Yakitorimiyagawa,やき鳥 宮川,https://tabelog.com/tw/tokyo/A1302/A130203/13008082/
3.76,3000,Mimmin,珉珉,https://tabelog.com/tw/tokyo/A1306/A130603/13001342/
3.76,10000,RESTAURANT DAZZLE,RESTAURANT DAZZLE,https://tabelog.com/tw/tokyo/A1301/A130101/13022542/
3.76,3000,Senkouen,川香苑 本店,https://tabelog.com/tw/tokyo/A1304/A130401/13043276/
3.76,0,CACAO SAMPAKA,カカオ サンパカ 丸の内本店,https://tabelog.com/tw/tokyo/A1302/A130201/13096438/
3.76,5000,Unagiirokawa,うなぎ　色川,https://tabelog.com/tw/tokyo/A1311/A131102/13003697/
3.76,2000,AHILYA,アヒリヤ 代々木店,https://tabelog.com/tw/tokyo/A1304/A130403/13009222/
3.76,0,Chibaya,千葉屋,https://tabelog.com/tw/tokyo/A1311/A131102/13008691/
3.76,1000,IL PLEUT SUR LA SEINE,パティスリー イル・プルー・シュル・ラ・セーヌ,https://tabelog.com/tw/tokyo/A1303/A130303/13001912/
3.76,5000,Toshian,利庵,https://tabelog.com/tw/tokyo/A1316/A131602/13001587/
3.76,1000,Darumayamochigashiten,だるまや餅菓子店,https://tabelog.com/tw/tokyo/A1323/A132304/13008769/
3.76,1000,shake tree burger&bar,シェイクツリー バーガー＆バー,https://tabelog.com/tw/tokyo/A1312/A131201/13134063/
3.76,0,tecona bagel works,テコナ　ベーグルワークス,https://tabelog.com/tw/tokyo/A1318/A131810/13061492/
3.76,6000,Keshiki,ケシキ,https://tabelog.com/tw/tokyo/A1302/A130202/13020364/
3.76,10000,Yakinikuinada,焼肉 稲田,https://tabelog.com/tw/tokyo/A1316/A131601/13049914/
3.76,10000,Ifuu,いふう,https://tabelog.com/tw/tokyo/A1317/A131701/13018859/
3.76,3000,shibuyamorimoto,渋谷 森本,https://tabelog.com/tw/tokyo/A1303/A130301/13001787/
3.76,2000,Mihousai,味芳斎 本店,https://tabelog.com/tw/tokyo/A1314/A131401/13013153/
3.76,8000,minamiaoyamaessensu,南青山エッセンス,https://tabelog.com/tw/tokyo/A1306/A130602/13039870/
3.76,4000,Niwatsudori,庭つ鶏,https://tabelog.com/tw/tokyo/A1316/A131603/13020732/
3.76,0,noix de beurre,ノワ・ドゥ・ブール 新宿伊勢丹店,https://tabelog.com/tw/tokyo/A1304/A130401/13124571/
3.76,8000,Sampiryouron,賛否両論,https://tabelog.com/tw/tokyo/A1307/A130703/13001542/
3.76,3000,Ryuunoko,龍の子,https://tabelog.com/tw/tokyo/A1306/A130601/13001219/
3.76,5000,Vomero,ヴォメロ,https://tabelog.com/tw/tokyo/A1301/A130101/13139857/
3.76,8000,Le Nougat,ヌガ,https://tabelog.com/tw/tokyo/A1301/A130101/13048464/
3.76,4000,Kawaei,川栄,https://tabelog.com/tw/tokyo/A1323/A132305/13008753/
3.76,3000,PIZZERIA IL TAMBURELLO,ピッツェリア イル・タンブレッロ,https://tabelog.com/tw/tokyo/A1302/A130204/13114239/
3.76,2000,pathisuri-kakaoettopari,パティスリー カカオエット・パリ,https://tabelog.com/tw/tokyo/A1317/A131701/13039525/
3.76,2000,Sugita,すぎ田,https://tabelog.com/tw/tokyo/A1311/A131103/13003707/
3.76,4000,Hyoutanya,ひょうたん屋 6丁目店,https://tabelog.com/tw/tokyo/A1301/A130101/13007799/
3.76,0,Haduki,らぁめん 葉月,https://tabelog.com/tw/tokyo/A1317/A131714/13008248/
3.76,6000,Wasabi,山葵,https://tabelog.com/tw/tokyo/A1302/A130204/13008075/
3.76,8000,ba-ravammusshuyo-suke,Bar à Vin ムッシュ ヨースケ,https://tabelog.com/tw/tokyo/A1317/A131705/13003199/
3.76,6000,Gentil,ジョンティ,https://tabelog.com/tw/tokyo/A1311/A131103/13091587/
3.76,8000,Antonio,アントニオ 南青山本店,https://tabelog.com/tw/tokyo/A1306/A130602/13003490/
3.76,2000,Ponta,ぽん太,https://tabelog.com/tw/tokyo/A1303/A130303/13001729/
3.76,2000,Hongokutei,本石亭,https://tabelog.com/tw/tokyo/A1302/A130202/13046781/
3.76,1000,Mareshiamare,馬来西亜マレー,https://tabelog.com/tw/tokyo/A1318/A131814/13091996/
3.76,8000,ba-doko-to,バードコート,https://tabelog.com/tw/tokyo/A1324/A132402/13003769/
3.76,0,Panchimaharu,パンチマハル,https://tabelog.com/tw/tokyo/A1310/A131003/13026681/
3.76,10000,La Matiere,ラ・マティエール,https://tabelog.com/tw/tokyo/A1309/A130905/13025251/
3.76,6000,Kogetsu,古月 新宿店,https://tabelog.com/tw/tokyo/A1304/A130402/13030918/
3.76,3000,nishiogikubokurama,西荻窪 鞍馬,https://tabelog.com/tw/tokyo/A1319/A131907/13000716/
3.76,0,ARCACHON,アルカション,https://tabelog.com/tw/tokyo/A1328/A132801/13023168/
3.76,6000,Gurandokicchin,グランド キッチン,https://tabelog.com/tw/tokyo/A1302/A130201/13140925/
3.76,5000,Saitamaya,埼玉屋,https://tabelog.com/tw/tokyo/A1323/A132304/13003792/
3.76,6000,TARANTELLA da luigi,タランテッラ ダ ルイジ,https://tabelog.com/tw/tokyo/A1316/A131602/13122166/
3.76,6000,EMILIA,エミリア,https://tabelog.com/tw/tokyo/A1306/A130601/13099554/
3.76,0,Patisserie Les Annees Folles,パティスリー レザネフォール 恵比寿本店,https://tabelog.com/tw/tokyo/A1303/A130302/13149501/
3.76,5000,Patisserie Sadaharu AOKI Pari's,パティスリー・サダハルアオキ・パリ 新宿伊勢丹店,https://tabelog.com/tw/tokyo/A1304/A130401/13032302/
3.76,0,DELHI,新川デリー,https://tabelog.com/tw/tokyo/A1302/A130203/13000644/
3.76,6000,ginzahisagi,銀座楸,https://tabelog.com/tw/tokyo/A1301/A130101/13006506/
3.76,8000,Botan,ぼたん,https://tabelog.com/tw/tokyo/A1310/A131002/13000336/
3.76,6000,Marutake,マルタケ,https://tabelog.com/tw/tokyo/A1310/A131002/13009120/
3.76,10000,Akasakarikyuu,赤坂璃宮 赤坂本店,https://tabelog.com/tw/tokyo/A1308/A130801/13005028/
3.76,10000,Kuchinahirata,クチーナ ヒラタ,https://tabelog.com/tw/tokyo/A1307/A130702/13001690/
3.76,6000,unagiakimoto,うなぎ秋本,https://tabelog.com/tw/tokyo/A1308/A130803/13000415/
3.76,0,Indokarekama,インドカレーカーマ,https://tabelog.com/tw/tokyo/A1310/A131003/13000243/
3.76,6000,PepeRosso,ペペロッソ,https://tabelog.com/tw/tokyo/A1317/A131706/13013812/
3.76,4000,Gempourin,源烹輪,https://tabelog.com/tw/tokyo/A1321/A132102/13005640/
3.76,3000,Tsukijinunotsunesarashina,築地 布恒更科,https://tabelog.com/tw/tokyo/A1313/A131301/13007659/
3.76,8000,Yakinikushimizu,焼肉しみず,https://tabelog.com/tw/tokyo/A1317/A131710/13096548/
3.76,3000,Baan Tum,バーン・タム,https://tabelog.com/tw/tokyo/A1304/A130404/13198074/
3.76,3000,hasunosato,はすの里 新御徒町本店,https://tabelog.com/tw/tokyo/A1311/A131101/13181146/
3.76,10000,Le Petit Bedon,ル・プティ・ブドン,https://tabelog.com/tw/tokyo/A1303/A130303/13004615/
3.76,1000,COFFEEHOUSE NISHIYA,コーヒーハウス ニシヤ,https://tabelog.com/tw/tokyo/A1303/A130301/13160517/
3.76,3000,Maraifuukoubishoku,馬来風光美食,https://tabelog.com/tw/tokyo/A1319/A131906/13005578/
3.76,5000,shiroganetoritama,白金 酉玉 本館,https://tabelog.com/tw/tokyo/A1316/A131602/13005504/
3.76,10000,Bonshuman,ボンシュマン,https://tabelog.com/tw/tokyo/A1317/A131702/13003431/
3.76,2000,Orudoimperiaruba,オールドインペリアル バー,https://tabelog.com/tw/tokyo/A1301/A130102/13002169/
3.76,4000,Hashimoto,はし本,https://tabelog.com/tw/tokyo/A1309/A130905/13018616/
3.76,1000,Rapureshuzu,ラ・プレシューズ 四谷店,https://tabelog.com/tw/tokyo/A1309/A130902/13138331/
3.76,6000,PIZZERIA ROMANA IL PENTITO,ピッツェリア・ロマーナ・イル・ペンティート,https://tabelog.com/tw/tokyo/A1318/A131810/13000684/
3.76,3000,Okonomiyakifukutake,お好み焼き 福竹,https://tabelog.com/tw/tokyo/A1317/A131714/13003312/
3.76,3000,Kobikichouyudukamiya,木挽町 湯津上屋,https://tabelog.com/tw/tokyo/A1313/A131301/13019153/
3.76,3000,Sobadokoro Wamura,そば処 和邑,https://tabelog.com/tw/tokyo/A1305/A130502/13003972/
3.76,1000,Teuchisobamatsunaga,手打蕎麦 松永,https://tabelog.com/tw/tokyo/A1306/A130601/13024514/
3.76,1000,SALON BAKE&TEA,サロン ベイクアンドティー,https://tabelog.com/tw/tokyo/A1304/A130401/13193544/
3.76,10000,Imafuku,今福,https://tabelog.com/tw/tokyo/A1316/A131602/13136201/
3.76,6000,Nichinan,日南,https://tabelog.com/tw/tokyo/A1316/A131603/13001650/
3.76,6000,Antichi Sapori,アンティキサポーリ,https://tabelog.com/tw/tokyo/A1307/A130703/13159153/
3.76,6000,Shokudoutodaka,食堂とだか,https://tabelog.com/tw/tokyo/A1316/A131603/13187669/
3.76,1000,Pathishieshima,パティシエ シマ,https://tabelog.com/tw/tokyo/A1308/A130803/13000285/
3.76,1000,Senjutakeyabu,千寿 竹やぶ,https://tabelog.com/tw/tokyo/A1324/A132402/13003773/
3.76,3000,Ahoudori,あほう鳥,https://tabelog.com/tw/tokyo/A1309/A130905/13063716/
3.76,8000,abasukuichasuetamendhi,アバスク　イチャスエタメンディ,https://tabelog.com/tw/tokyo/A1303/A130301/13045262/
3.76,8000,Toriei,鳥栄,https://tabelog.com/tw/tokyo/A1311/A131101/13003595/
3.76,8000,MiNE BARU,ミネバル,https://tabelog.com/tw/tokyo/A1303/A130301/13131009/
3.76,4000,Choushuu,潮州,https://tabelog.com/tw/tokyo/A1319/A131906/13001116/
3.76,10000,Valinor,ヴァリノール,https://tabelog.com/tw/tokyo/A1319/A131906/13124693/
3.76,8000,tatsumi,タツミ,https://tabelog.com/tw/tokyo/A1317/A131701/13124449/
3.76,3000,Sobakirisuzuki,そばきり すずき,https://tabelog.com/tw/tokyo/A1328/A132801/13017457/
3.76,5000,Senan,紫仙庵,https://tabelog.com/tw/tokyo/A1317/A131710/13038860/
3.76,8000,Horumonsenhoruchan,ホルモン船　ホールちゃん,https://tabelog.com/tw/tokyo/A1304/A130401/13113717/
3.76,3000,Baopa,BAR オーパ 銀座,https://tabelog.com/tw/tokyo/A1301/A130101/13002248/
3.76,1000,Heritier,エリティエ,https://tabelog.com/tw/tokyo/A1323/A132301/13130758/
3.76,0,Patisserie L'essentielle,パティスリーレセンシエル,https://tabelog.com/tw/tokyo/A1323/A132302/13174296/
3.76,10000,resutoranandowaimba-revoru,レストラン&ワインバー レヴォル,https://tabelog.com/tw/tokyo/A1306/A130601/13219129/
3.76,8000,Virbius,ウィルビウス,https://tabelog.com/tw/tokyo/A1320/A132002/13142890/
3.76,10000,Ete,ete,https://tabelog.com/tw/tokyo/A1303/A130301/13175455/
3.76,5000,CAMPBELLTOUN LOCH,キャンベルタウン・ロッホ,https://tabelog.com/tw/tokyo/A1301/A130102/13014709/
3.76,5000,Erika,絵里香,https://tabelog.com/tw/tokyo/A1301/A130101/13007794/
3.75,0,Rokurinsha,六厘舎,https://tabelog.com/tw/tokyo/A1302/A130201/13093047/
3.75,2000,Taimeiken,たいめいけん,https://tabelog.com/tw/tokyo/A1302/A130202/13000488/
3.75,0,Kiraku,喜楽,https://tabelog.com/tw/tokyo/A1303/A130301/13001705/
3.75,0,Sugoiniboshiramennagi,すごい煮干ラーメン凪 新宿ゴールデン街店本館,https://tabelog.com/tw/tokyo/A1304/A130401/13054766/
3.75,0,Menyahyottoko,麺屋ひょっとこ,https://tabelog.com/tw/tokyo/A1301/A130102/13046637/
3.75,0,Hayashi,はやし,https://tabelog.com/tw/tokyo/A1303/A130301/13003367/
3.75,0,Ramenjirou,ラーメン二郎 三田本店,https://tabelog.com/tw/tokyo/A1314/A131402/13006051/
3.75,4000,POINT ET LIGNE,ポワンエリーニュ,https://tabelog.com/tw/tokyo/A1302/A130201/13038468/
3.75,0,Menyashou,麺屋 翔 本店,https://tabelog.com/tw/tokyo/A1304/A130401/13040181/
3.75,0,Kinozen,紀の善,https://tabelog.com/tw/tokyo/A1309/A130905/13000478/
3.75,0,Ginzaoboroduki,銀座 朧月,https://tabelog.com/tw/tokyo/A1301/A130101/13118141/
3.75,0,Aoshimashokudou,青島食堂 秋葉原店,https://tabelog.com/tw/tokyo/A1310/A131001/13094776/
3.75,1000,mentokoroginzasa,麺処 銀笹,https://tabelog.com/tw/tokyo/A1301/A130103/13119563/
3.75,0,Tanakashouten,田中商店 本店,https://tabelog.com/tw/tokyo/A1324/A132404/13003726/
3.75,2000,Laduree Salon de the,ラデュレ サロン・ド・テ 銀座三越店,https://tabelog.com/tw/tokyo/A1301/A130101/13053865/
3.75,0,Karekusamakura,curry 草枕,https://tabelog.com/tw/tokyo/A1304/A130402/13042970/
3.75,0,ra-menchikyuu,RAMEN CiQUE,https://tabelog.com/tw/tokyo/A1319/A131905/13048520/
3.75,0,TOKYO LIGHT BLUE HONGO-3,トウキョウライトブルー ホンゴウスリー,https://tabelog.com/tw/tokyo/A1310/A131004/13136989/
3.75,0,Mendokoroharu,麺処 晴,https://tabelog.com/tw/tokyo/A1311/A131104/13143115/
3.75,1000,Ramezondhushokora,ラ･メゾン･デュ･ショコラ 丸の内店,https://tabelog.com/tw/tokyo/A1301/A130102/13000036/
3.75,0,Ramendaishi,ラーメン大至,https://tabelog.com/tw/tokyo/A1310/A131002/13042832/
3.75,10000,ro-ri-zuzapuraimuribu,ロウリーズ・ザ・プライムリブ 恵比寿ガーデンプレイス店,https://tabelog.com/tw/tokyo/A1303/A130302/13165420/
3.75,0,bigonomise,ビゴの店,https://tabelog.com/tw/tokyo/A1301/A130101/13002489/
3.75,3000,AJANTA,アジャンタ,https://tabelog.com/tw/tokyo/A1308/A130803/13000438/
3.75,6000,Brasserie VIRON ,ブラッスリー・ヴィロン 丸の内店,https://tabelog.com/tw/tokyo/A1302/A130201/13020161/
3.75,0,Panetteria ARIETTA,パネッテリア・アリエッタ 五反田本店,https://tabelog.com/tw/tokyo/A1316/A131603/13019888/
3.75,8000,THE IMPERIAL VIKING SAL,インペリアルバイキング サール,https://tabelog.com/tw/tokyo/A1301/A130102/13002298/
3.75,1000,Indhianresutoranaruthi,インディアンレストラン　アールティ,https://tabelog.com/tw/tokyo/A1310/A131001/13091984/
3.75,3000,Okajouki,陸蒸気,https://tabelog.com/tw/tokyo/A1319/A131902/13000216/
3.75,6000,Ukaitoriyama,うかい鳥山,https://tabelog.com/tw/tokyo/A1329/A132905/13006021/
3.75,1000,Furutsuparagoto,フルーツパーラーゴトー,https://tabelog.com/tw/tokyo/A1311/A131102/13095672/
3.75,0,chuukasobamutahiro,中華そば ムタヒロ  1号店,https://tabelog.com/tw/tokyo/A1325/A132502/13131257/
3.75,3000,Yamariki,山利喜 本館,https://tabelog.com/tw/tokyo/A1312/A131201/13002992/
3.75,6000,Tsukijisushidai,築地すし大 本館,https://tabelog.com/tw/tokyo/A1313/A131301/13002314/
3.75,6000,Tharros,タロス,https://tabelog.com/tw/tokyo/A1303/A130301/13046432/
3.75,2000,Okonomiyakikiji,お好み焼 きじ 品川店,https://tabelog.com/tw/tokyo/A1314/A131403/13120197/
3.75,2000,Mizuho,瑞穂,https://tabelog.com/tw/tokyo/A1306/A130601/13001154/
3.75,1000,HOLLANDISCHE KAKAO-STUBE ,ホレンディッシェ・カカオシュトゥーベ 新宿伊勢丹店,https://tabelog.com/tw/tokyo/A1304/A130401/13097078/
3.75,1000,Yoshidakare,吉田カレー ,https://tabelog.com/tw/tokyo/A1319/A131906/13132405/
3.75,2000,Ajibou,味坊,https://tabelog.com/tw/tokyo/A1310/A131002/13009143/
3.75,1000,Tonkatsuhinata,とんかつひなた,https://tabelog.com/tw/tokyo/A1305/A130503/13204289/
3.75,0,Ramenjirou,ラーメン二郎 ひばりヶ丘駅前店,https://tabelog.com/tw/tokyo/A1328/A132801/13024745/
3.75,10000,akasakakintan,赤坂 金舌,https://tabelog.com/tw/tokyo/A1308/A130801/13080895/
3.75,0,LA BOUTIQUE de Joel Rubchon,ラ ブティック ドゥ ジョエル・ロブション 六本木ヒルズ店,https://tabelog.com/tw/tokyo/A1307/A130701/13020237/
3.75,0,Shibasakitei,柴崎亭,https://tabelog.com/tw/tokyo/A1326/A132601/13135162/
3.75,0,Levain,ルヴァン 富ヶ谷店,https://tabelog.com/tw/tokyo/A1318/A131810/13001841/
3.75,1000,Mihousai,味芳斎 支店,https://tabelog.com/tw/tokyo/A1314/A131401/13001509/
3.75,1000,Mendokoroshinohara,麺処 篠はら,https://tabelog.com/tw/tokyo/A1322/A132202/13188419/
3.75,6000,Maihama,舞浜,https://tabelog.com/tw/tokyo/A1301/A130103/13013868/
3.75,1000,tonkatsukatsuichi,とんかつ かつ壱,https://tabelog.com/tw/tokyo/A1316/A131601/13021829/
3.75,0,chuukasobashinagawa,中華そば しながわ,https://tabelog.com/tw/tokyo/A1322/A132202/13157559/
3.75,6000,The Peninsula Tokyo The Lobby,ザ・ロビー,https://tabelog.com/tw/tokyo/A1301/A130102/13043018/
3.75,6000,Minoya,桜なべ　みの家 本店,https://tabelog.com/tw/tokyo/A1312/A131201/13002984/
